{"textures":{"0":"modelengine:entity/dragnute"},"elements":[{"from":[7.9947414,16.141977,6.650833],"to":[8.489873,16.368263,8.197119],"rotation":{"angle":-45.0,"axis":"z","origin":[8.242307,17.386549,6.9525476]},"faces":{"east":{"uv":[1.84127,8.412698,1.9365075,8.31746],"rotation":90,"texture":"#0","tintindex":0},"south":{"uv":[1.84127,8.412698,1.9365075,8.31746],"rotation":90,"texture":"#0","tintindex":0},"north":{"uv":[1.84127,8.412698,1.9365075,8.31746],"rotation":90,"texture":"#0","tintindex":0},"west":{"uv":[1.84127,8.412698,1.9365075,8.31746],"rotation":90,"texture":"#0","tintindex":0},"up":{"uv":[1.84127,8.412698,1.9365075,8.31746],"rotation":90,"texture":"#0","tintindex":0},"down":{"uv":[1.84127,8.412698,1.9365075,8.31746],"rotation":90,"texture":"#0","tintindex":0}}},{"from":[7.9947414,18.404835,6.650833],"to":[8.489873,18.63112,8.197119],"rotation":{"angle":-22.5,"axis":"z","origin":[8.242307,17.386549,6.9525476]},"faces":{"east":{"uv":[1.84127,8.412698,1.9365075,8.31746],"rotation":90,"texture":"#0","tintindex":0},"south":{"uv":[1.84127,8.412698,1.9365075,8.31746],"rotation":90,"texture":"#0","tintindex":0},"north":{"uv":[1.84127,8.412698,1.9365075,8.31746],"rotation":90,"texture":"#0","tintindex":0},"west":{"uv":[1.84127,8.412698,1.9365075,8.31746],"rotation":90,"texture":"#0","tintindex":0},"up":{"uv":[1.84127,8.412698,1.9365075,8.31746],"rotation":90,"texture":"#0","tintindex":0},"down":{"uv":[1.84127,8.412698,1.9365075,8.31746],"rotation":90,"texture":"#0","tintindex":0}}},{"from":[7.9947414,18.404835,6.650833],"to":[8.489873,18.63112,8.197119],"rotation":{"angle":0.0,"axis":"y","origin":[8.242307,17.386549,6.9525476]},"faces":{"east":{"uv":[1.84127,8.412698,1.9365075,8.31746],"rotation":90,"texture":"#0","tintindex":0},"south":{"uv":[1.84127,8.412698,1.9365075,8.31746],"rotation":90,"texture":"#0","tintindex":0},"north":{"uv":[1.84127,8.412698,1.9365075,8.31746],"rotation":90,"texture":"#0","tintindex":0},"west":{"uv":[1.84127,8.412698,1.9365075,8.31746],"rotation":90,"texture":"#0","tintindex":0},"up":{"uv":[1.84127,8.412698,1.9365075,8.31746],"rotation":90,"texture":"#0","tintindex":0},"down":{"uv":[1.84127,8.412698,1.9365075,8.31746],"rotation":90,"texture":"#0","tintindex":0}}},{"from":[7.9947414,18.404835,6.650833],"to":[8.489873,18.63112,8.197119],"rotation":{"angle":22.5,"axis":"z","origin":[8.242307,17.386549,6.9525476]},"faces":{"east":{"uv":[1.84127,8.412698,1.9365075,8.31746],"rotation":90,"texture":"#0","tintindex":0},"south":{"uv":[1.84127,8.412698,1.9365075,8.31746],"rotation":90,"texture":"#0","tintindex":0},"north":{"uv":[1.84127,8.412698,1.9365075,8.31746],"rotation":90,"texture":"#0","tintindex":0},"west":{"uv":[1.84127,8.412698,1.9365075,8.31746],"rotation":90,"texture":"#0","tintindex":0},"up":{"uv":[1.84127,8.412698,1.9365075,8.31746],"rotation":90,"texture":"#0","tintindex":0},"down":{"uv":[1.84127,8.412698,1.9365075,8.31746],"rotation":90,"texture":"#0","tintindex":0}}},{"from":[7.9947414,18.404835,6.650833],"to":[8.489873,18.63112,8.197119],"rotation":{"angle":45.0,"axis":"z","origin":[8.242307,17.386549,6.9525476]},"faces":{"east":{"uv":[1.84127,8.412698,1.9365075,8.31746],"rotation":90,"texture":"#0","tintindex":0},"south":{"uv":[1.84127,8.412698,1.9365075,8.31746],"rotation":90,"texture":"#0","tintindex":0},"north":{"uv":[1.84127,8.412698,1.9365075,8.31746],"rotation":90,"texture":"#0","tintindex":0},"west":{"uv":[1.84127,8.412698,1.9365075,8.31746],"rotation":90,"texture":"#0","tintindex":0},"up":{"uv":[1.84127,8.412698,1.9365075,8.31746],"rotation":90,"texture":"#0","tintindex":0},"down":{"uv":[1.84127,8.412698,1.9365075,8.31746],"rotation":90,"texture":"#0","tintindex":0}}},{"from":[6.9977355,17.138985,6.650833],"to":[7.2240214,17.634104,8.197119],"rotation":{"angle":-22.5,"axis":"z","origin":[8.242307,17.386549,6.9525476]},"faces":{"east":{"uv":[1.84127,8.412698,1.9365075,8.31746],"rotation":90,"texture":"#0","tintindex":0},"south":{"uv":[1.84127,8.412698,1.9365075,8.31746],"rotation":90,"texture":"#0","tintindex":0},"north":{"uv":[1.84127,8.412698,1.9365075,8.31746],"rotation":90,"texture":"#0","tintindex":0},"west":{"uv":[1.84127,8.412698,1.9365075,8.31746],"rotation":90,"texture":"#0","tintindex":0},"up":{"uv":[1.84127,8.412698,1.9365075,8.31746],"rotation":90,"texture":"#0","tintindex":0},"down":{"uv":[1.84127,8.412698,1.9365075,8.31746],"rotation":90,"texture":"#0","tintindex":0}}},{"from":[6.9977355,17.138985,6.650833],"to":[7.2240214,17.634104,8.197119],"rotation":{"angle":0.0,"axis":"y","origin":[8.242307,17.386549,6.9525476]},"faces":{"east":{"uv":[1.84127,8.412698,1.9365075,8.31746],"rotation":90,"texture":"#0","tintindex":0},"south":{"uv":[1.84127,8.412698,1.9365075,8.31746],"rotation":90,"texture":"#0","tintindex":0},"north":{"uv":[1.84127,8.412698,1.9365075,8.31746],"rotation":90,"texture":"#0","tintindex":0},"west":{"uv":[1.84127,8.412698,1.9365075,8.31746],"rotation":90,"texture":"#0","tintindex":0},"up":{"uv":[1.84127,8.412698,1.9365075,8.31746],"rotation":90,"texture":"#0","tintindex":0},"down":{"uv":[1.84127,8.412698,1.9365075,8.31746],"rotation":90,"texture":"#0","tintindex":0}}},{"from":[6.9977355,17.138985,6.650833],"to":[7.2240214,17.634104,8.197119],"rotation":{"angle":22.5,"axis":"z","origin":[8.242307,17.386549,6.9525476]},"faces":{"east":{"uv":[1.84127,8.412698,1.9365075,8.31746],"rotation":90,"texture":"#0","tintindex":0},"south":{"uv":[1.84127,8.412698,1.9365075,8.31746],"rotation":90,"texture":"#0","tintindex":0},"north":{"uv":[1.84127,8.412698,1.9365075,8.31746],"rotation":90,"texture":"#0","tintindex":0},"west":{"uv":[1.84127,8.412698,1.9365075,8.31746],"rotation":90,"texture":"#0","tintindex":0},"up":{"uv":[1.84127,8.412698,1.9365075,8.31746],"rotation":90,"texture":"#0","tintindex":0},"down":{"uv":[1.84127,8.412698,1.9365075,8.31746],"rotation":90,"texture":"#0","tintindex":0}}},{"from":[7.9947414,18.404835,6.650833],"to":[8.489873,18.63112,8.197119],"rotation":{"angle":-45.0,"axis":"z","origin":[8.242307,17.386549,6.9525476]},"faces":{"east":{"uv":[1.84127,8.412698,1.9365075,8.31746],"rotation":270,"texture":"#0","tintindex":0},"south":{"uv":[1.84127,8.412698,1.9365075,8.31746],"rotation":270,"texture":"#0","tintindex":0},"north":{"uv":[1.84127,8.412698,1.9365075,8.31746],"rotation":270,"texture":"#0","tintindex":0},"west":{"uv":[1.84127,8.412698,1.9365075,8.31746],"rotation":270,"texture":"#0","tintindex":0},"up":{"uv":[1.84127,8.412698,1.9365075,8.31746],"rotation":270,"texture":"#0","tintindex":0},"down":{"uv":[1.84127,8.412698,1.9365075,8.31746],"rotation":270,"texture":"#0","tintindex":0}}},{"from":[9.260592,17.138985,6.650833],"to":[9.486878,17.634104,8.197119],"rotation":{"angle":22.5,"axis":"z","origin":[8.242307,17.386549,6.9525476]},"faces":{"east":{"uv":[1.84127,8.412698,1.9365075,8.31746],"rotation":270,"texture":"#0","tintindex":0},"south":{"uv":[1.84127,8.412698,1.9365075,8.31746],"rotation":270,"texture":"#0","tintindex":0},"north":{"uv":[1.84127,8.412698,1.9365075,8.31746],"rotation":270,"texture":"#0","tintindex":0},"west":{"uv":[1.84127,8.412698,1.9365075,8.31746],"rotation":270,"texture":"#0","tintindex":0},"up":{"uv":[1.84127,8.412698,1.9365075,8.31746],"rotation":270,"texture":"#0","tintindex":0},"down":{"uv":[1.84127,8.412698,1.9365075,8.31746],"rotation":270,"texture":"#0","tintindex":0}}},{"from":[9.260592,17.138985,6.650833],"to":[9.486878,17.634104,8.197119],"rotation":{"angle":0.0,"axis":"y","origin":[8.242307,17.386549,6.9525476]},"faces":{"east":{"uv":[1.84127,8.412698,1.9365075,8.31746],"rotation":270,"texture":"#0","tintindex":0},"south":{"uv":[1.84127,8.412698,1.9365075,8.31746],"rotation":270,"texture":"#0","tintindex":0},"north":{"uv":[1.84127,8.412698,1.9365075,8.31746],"rotation":270,"texture":"#0","tintindex":0},"west":{"uv":[1.84127,8.412698,1.9365075,8.31746],"rotation":270,"texture":"#0","tintindex":0},"up":{"uv":[1.84127,8.412698,1.9365075,8.31746],"rotation":270,"texture":"#0","tintindex":0},