{"textures":{"0":"modelengine:entity/dragnute"},"elements":[{"from":[8.505166,4.8431997,6.474057],"to":[8.614411,4.9973483,7.60848],"rotation":{"angle":22.5,"axis":"y","origin":[8.18264,4.4959884,7.3712683]},"faces":{"east":{"uv":[4.0,4.0,8.0,4.761905],"rotation":180,"texture":"#0","tintindex":0},"south":{"uv":[4.0,4.0,8.0,4.761905],"rotation":180,"texture":"#0","tintindex":0},"north":{"uv":[4.0,4.0,8.0,4.761905],"rotation":180,"texture":"#0","tintindex":0},"west":{"uv":[4.0,4.0,8.0,4.761905],"rotation":180,"texture":"#0","tintindex":0},"up":{"uv":[4.0,4.0,8.0,4.761905],"rotation":180,"texture":"#0","tintindex":0},"down":{"uv":[4.0,4.0,8.0,4.761905],"rotation":180,"texture":"#0","tintindex":0}}},{"from":[7.468023,4.8431997,6.6626287],"to":[7.5772686,4.9973483,7.891337],"rotation":{"angle":-45.0,"axis":"y","origin":[8.18264,4.4959884,7.3712683]},"faces":{"east":{"uv":[4.0,4.0,8.0,4.761905],"rotation":180,"texture":"#0","tintindex":0},"south":{"uv":[4.0,4.0,8.0,4.761905],"rotation":180,"texture":"#0","tintindex":0},"north":{"uv":[4.0,4.0,8.0,4.761905],"rotation":180,"texture":"#0","tintindex":0},"west":{"uv":[4.0,4.0,8.0,4.761905],"rotation":180,"texture":"#0","tintindex":0},"up":{"uv":[4.0,4.0,8.0,4.761905],"rotation":180,"texture":"#0","tintindex":0},"down":{"uv":[4.0,4.0,8.0,4.761905],"rotation":180,"texture":"#0","tintindex":0}}},{"from":[8.505166,4.1832,7.0397716],"to":[8.614411,4.9973483,7.1370516],"rotation":{"angle":-45.0,"axis":"y","origin":[8.276926,4.4959884,7.3712683]},"faces":{"east":{"uv":[4.0,4.0,8.0,4.761905],"rotation":180,"texture":"#0","tintindex":0},"south":{"uv":[4.0,4.0,8.0,4.761905],"rotation":180,"texture":"#0","tintindex":0},"north":{"uv":[4.0,4.0,8.0,4.761905],"rotation":180,"texture":"#0","tintindex":0},"west":{"uv":[4.0,4.0,8.0,4.761905],"rotation":180,"texture":"#0","tintindex":0},"up":{"uv":[4.0,4.0,8.0,4.761905],"rotation":180,"texture":"#0","tintindex":0},"down":{"uv":[4.0,4.0,8.0,4.761905],"rotation":180,"texture":"#0","tintindex":0}}},{"from":[7.476594,4.1832,7.7940574],"to":[7.5623083,4.9973483,7.891337],"rotation":{"angle":-45.0,"axis":"y","origin":[8.18264,4.4959884,7.3712683]},"faces":{"east":{"uv":[4.0,4.0,8.0,4.761905],"rotation":180,"texture":"#0","tintindex":0},"south":{"uv":[4.0,4.0,8.0,4.761905],"rotation":180,"texture":"#0","tintindex":0},"north":{"uv":[4.0,4.0,8.0,4.761905],"rotation":180,"texture":"#0","tintindex":0},"west":{"uv":[4.0,4.0,8.0,4.761905],"rotation":180,"texture":"#0","tintindex":0},"up":{"uv":[4.0,4.0,8.0,4.761905],"rotation":180,"texture":"#0","tintindex":0},"down":{"uv":[4.0,4.0,8.0,4.761905],"rotation":180,"texture":"#0","tintindex":0}}},{"from":[7.5623083,5.7861824,7.521337],"to":[8.520125,7.1640344,8.369771],"rotation":{"angle":0.0,"axis":"y","origin":[6.3912115,14.898708,7.748411]},"faces":{"east":{"uv":[2.31746,2.63492,2.4126976,2.5714276],"rotation":0,"texture":"#0","tintindex":0},"south":{"uv":[2.31746,2.63492,2.4126976,2.5714276],"rotation":0,"texture":"#0","tintindex":0},"north":{"uv":[2.31746,2.63492,2.4126976,2.5714276],"rotation":0,"texture":"#0","tintindex":0},"west":{"uv":[2.31746,2.63492,2.4126976,2.5714276],"rotation":0,"texture":"#0","tintindex":0},"up":{"uv":[2.31746,2.63492,2.4126976,2.5714276],"rotation":0,"texture":"#0","tintindex":0},"down":{"uv":[2.31746,2.63492,2.4126976,2.5714276],"rotation":0,"texture":"#0","tintindex":0}}},{"from":[7.5623083,4.9320345,7.521337],"to":[8.520125,5.7956,8.369771],"rotation":{"angle":0.0,"axis":"y","origin":[6.3912115,14.867417,7.748411]},"faces":{"east":{"uv":[8.0,8.0,12.0,4.0],"rotation":0,"texture":"#0","tintindex":0},"south":{"uv":[8.0,8.0,12.0,4.0],"rotation":0,"texture":"#0","tintindex":0},"north":{"uv":[8.0,8.0,12.0,4.0],"rotation":0,"texture":"#0","tintindex":0},"west":{"uv":[8.0,8.0,12.0,4.0],"rotation":0,"texture":"#0","tintindex":0},"up":{"uv":[8.0,8.0,12.0,4.0],"rotation":0,"texture":"#0","tintindex":0},"down":{"uv":[8.0,8.0,12.0,4.0],"rotation":0,"texture":"#0","tintindex":0}}},{"from":[7.468023,4.454834,6.3423085],"to":[8.48584,4.749771,7.5812],"rotation":{"angle":0.0,"axis":"y","origin":[6.3912115,14.867417,7.748411]},"faces":{"east":{"uv":[15.84127,7.4920626,15.714285,7.714285],"rotation":0,"texture":"#0","tintindex":0},"south":{"uv":[15.84127,7.4920626,15.714285,7.714285],"rotation":0,"texture":"#0","tintindex":0},"north":{"uv":[15.84127,7.4920626,15.714285,7.714285],"rotation":0,"texture":"#0","tintindex":0},"west":{"uv":[15.84127,7.4920626,15.714285,7.714285],"rotation":0,"texture":"#0","tintindex":0},"up":{"uv":[15.84127,7.4920626,15.714285,7.714285],"rotation":0,"texture":"#0","tintindex":0},"down":{"uv":[15.84127,7.4920626,15.714285,7.714285],"rotation":0,"texture":"#0","tintindex":0}}},{"from":[7.468023,4.54912,6.5870514],"to":[8.520125,5.1104345,7.0560684],"rotation":{"angle":-22.5,"axis":"x","origin":[7.9940686,4.314903,7.3712683]},"faces":{"east":{"uv":[15.84127,7.4920626,15.714285,7.714285],"rotation":0,"texture":"#0","tintindex":0},"south":{"uv":[15.84127,7.4920626,15.714285,7.714285],"rotation":0,"texture":"#0","tintindex":0},"north":{"uv":[15.84127,7.4920626,15.714285,7.714285],"rotation":0,"texture":"#0","tintindex":0},"west":{"uv":[15.84127,7.4920626,15.714285,7.714285],"rotation":0,"texture":"#0","tintindex":0},"up":{"uv":[15.84127,7.4920626,15.714285,7.714285],"rotation":0,"texture":"#0","tintindex":0},"down":{"uv":[15.84127,7.4920626,15.714285,7.714285],"rotation":0,"texture":"#0","tintindex":0}}},{"from":[7.468023,4.3605485,6.775623],"to":[8.537108,4.9194627,8.428354],"rotation":{"angle":0.0,"axis":"y","origin":[6.3912115,14.867417,7.748411]},"faces":{"east":{"uv":[15.84127,7.4920626,15.714285,7.714285],"rotation":0,"texture":"#0","tintindex":0},"south":{"uv":[15.84127,7.4920626,15.714285,7.714285],"rotation":0,"texture":"#0","tintindex":0},"north":{"uv":[15.84127,7.4920626,15.714285,7.714285],"rotation":0,"texture":"#0","tintindex":0},"west":{"uv":[15.84127,7.4920626,15.714285,7.714285],"rotation":0,"texture":"#0","tintindex":0},"up":{"uv":[15.84127,7.4920626,15.714285,7.714285],"rotation":0,"texture":"#0","tintindex":0},"down":{"uv":[15.84127,7.4920626,15.714285,7.714285],"rotation":0,"texture":"#0","tintindex":0}}},{"from":[7.3737373,4.164491,6.2099085],"to":[8.614411,4.4503427,8.532629],"rotation":{"angle":0.0,"axis":"y","origin":[6.3912115,14.867417,7.748411]},"faces":{"east":{"uv":[4.0,4.0,8.0,8.0],"rotation":0,"texture":"#0","tintindex":0},"south":{"uv":[4.0,4.0,8.0,8.0],"rotation":0,"texture":"#0","tintindex":0},"north":{"uv":[4.0,4.0,8.0,8.0],"rotation":0,"texture":"#0","tintindex":0},"west":{"uv":[4.0,4.0,8.0,8.0],"rotation":0,"texture":"#0","tintindex":0},"up":{"uv":[4.0,4.0,8.0,8.0],"rotation":0,"texture":"#0","tintindex":0},"down":{"uv":[4.0,4.0,8.0,8.0],"rotation":0,"texture":"#0","tintindex":0}}},{"from":[7.4423084,3.7873483,7.8127656],"to":[8.54584,4.261771,8.0612],"rotation":{"angle":0.0,"axis":"y","origin":[6.3912115,14.867417,7.748411]},"faces":{"east":{"uv":[4.0,4.0,8.0,8.0],"rotation":0,"texture":"#0","tintindex":0},"south":{"uv":[4.0,4.0,8.0,8.0],"rotation":0,"texture":"#0","tintindex":0},"north":{"uv":[4.0,4.0,8.0,8.0],"rotation":0,"texture":"#0","tintindex":0},"west":{"uv":[4.0,4.0,8.0,8.0],"rotation":0,"texture":"#0","tintindex":0},"up":{"uv":[4.0,4.0,8.0,8.0],"rotation":0,"texture":"#0","tintindex":0},"down":{"uv":[4.0,4.0,8.0,8.0],"rotation":0,"texture":"#0","tintindex":0}}},{"from":[7.4423084,3.7873483,6.5870514],"to":[8.54584,4.261771,6.8354855],"rotation":{"angle":0.0,"axis":"y","origin":[6.3912115,14.867417,7.748411]},"faces":{"east":{"uv":[4.0,4.0,8.0,8.0],"rotation":0,"texture":"#0","tintindex":0},"south":{"uv":[4.0,4.0,8.0,8.0],"rotation":0,"texture":"#0","tintindex":0},"north":{"uv":[4.0,4.0,8.0,8.0],"rotation":0,"texture":"#0","tintindex":0},"west":{"uv":[4.0,4.0,8.0,8.0],"rotation":0,"texture":"#0","tintindex":0},"up":{"uv":[4.0,4.0,8.0,8.0],"rotation":0,"texture":"#0","tintindex":0},"down":{"uv":[4.0,4.0,8.0,8.0],"rotation":0,"texture":"#0",