{"textures":{"0":"modelengine:entity/dragnute"},"elements":[{"from":[9.531269,4.6993484,7.694352],"to":[9.956411,7.8549256,7.7570724],"rotation":{"angle":0.0,"axis":"y","origin":[7.5895543,7.2685714,7.6685696]},"faces":{"east":{"uv":[1.84127,1.5873024,1.873015,1.6190475],"rotation":0,"texture":"#0","tintindex":0},"south":{"uv":[1.84127,1.5873024,1.873015,1.6190475],"rotation":0,"texture":"#0","tintindex":0},"north":{"uv":[1.84127,1.5873024,1.873015,1.6190475],"rotation":0,"texture":"#0","tintindex":0},"west":{"uv":[1.84127,1.5873024,1.873015,1.6190475],"rotation":0,"texture":"#0","tintindex":0},"up":{"uv":[1.84127,1.5873024,1.873015,1.6190475],"rotation":0,"texture":"#0","tintindex":0},"down":{"uv":[1.84127,1.5873024,1.873015,1.6190475],"rotation":0,"texture":"#0","tintindex":0}}},{"from":[9.842126,4.533634,7.694352],"to":[10.065006,7.4263544,7.7514954],"rotation":{"angle":0.0,"axis":"y","origin":[7.7781487,7.9028573,8.057141]},"faces":{"east":{"uv":[1.84127,1.5873024,1.873015,1.6190475],"rotation":0,"texture":"#0","tintindex":0},"south":{"uv":[1.84127,1.5873024,1.873015,1.6190475],"rotation":0,"texture":"#0","tintindex":0},"north":{"uv":[1.84127,1.5873024,1.873015,1.6190475],"rotation":0,"texture":"#0","tintindex":0},"west":{"uv":[1.84127,1.5873024,1.873015,1.6190475],"rotation":0,"texture":"#0","tintindex":0},"up":{"uv":[1.84127,1.5873024,1.873015,1.6190475],"rotation":0,"texture":"#0","tintindex":0},"down":{"uv":[1.84127,1.5873024,1.873015,1.6190475],"rotation":0,"texture":"#0","tintindex":0}}},{"from":[9.209463,5.070777,7.694352],"to":[9.620892,8.072068,7.8199296],"rotation":{"angle":0.0,"axis":"y","origin":[-13.657156,6.857143,7.777141]},"faces":{"east":{"uv":[1.84127,1.5873024,1.873015,1.6190475],"rotation":0,"texture":"#0","tintindex":0},"south":{"uv":[1.84127,1.5873024,1.873015,1.6190475],"rotation":0,"texture":"#0","tintindex":0},"north":{"uv":[1.84127,1.5873024,1.873015,1.6190475],"rotation":0,"texture":"#0","tintindex":0},"west":{"uv":[1.84127,1.5873024,1.873015,1.6190475],"rotation":0,"texture":"#0","tintindex":0},"up":{"uv":[1.84127,1.5873024,1.873015,1.6190475],"rotation":0,"texture":"#0","tintindex":0},"down":{"uv":[1.84127,1.5873024,1.873015,1.6190475],"rotation":0,"texture":"#0","tintindex":0}}},{"from":[8.868411,5.2707767,7.694352],"to":[9.274126,8.072068,7.8199296],"rotation":{"angle":0.0,"axis":"y","origin":[7.5072684,6.857143,7.777141]},"faces":{"east":{"uv":[1.84127,1.5873024,1.873015,1.6190475],"rotation":0,"texture":"#0","tintindex":0},"south":{"uv":[1.84127,1.5873024,1.873015,1.6190475],"rotation":0,"texture":"#0","tintindex":0},"north":{"uv":[1.84127,1.5873024,1.873015,1.6190475],"rotation":0,"texture":"#0","tintindex":0},"west":{"uv":[1.84127,1.5873024,1.873015,1.6190475],"rotation":0,"texture":"#0","tintindex":0},"up":{"uv":[1.84127,1.5873024,1.873015,1.6190475],"rotation":0,"texture":"#0","tintindex":0},"down":{"uv":[1.84127,1.5873024,1.873015,1.6190475],"rotation":0,"texture":"#0","tintindex":0}}},{"from":[8.436412,5.4593487,7.694352],"to":[8.868411,8.072068,7.8199296],"rotation":{"angle":0.0,"axis":"y","origin":[7.4786973,6.857143,7.777141]},"faces":{"east":{"uv":[1.84127,1.5873024,1.873015,1.6190475],"rotation":0,"texture":"#0","tintindex":0},"south":{"uv":[1.84127,1.5873024,1.873015,1.6190475],"rotation":0,"texture":"#0","tintindex":0},"north":{"uv":[1.84127,1.5873024,1.873015,1.6190475],"rotation":0,"texture":"#0","tintindex":0},"west":{"uv":[1.84127,1.5873024,1.873015,1.6190475],"rotation":0,"texture":"#0","tintindex":0},"up":{"uv":[1.84127,1.5873024,1.873015,1.6190475],"rotation":0,"texture":"#0","tintindex":0},"down":{"uv":[1.84127,1.5873024,1.873015,1.6190475],"rotation":0,"texture":"#0","tintindex":0}}},{"from":[8.0754175,5.6993484,7.694352],"to":[8.493554,8.072068,7.8199296],"rotation":{"angle":0.0,"axis":"y","origin":[7.4786973,6.857143,7.777141]},"faces":{"east":{"uv":[1.84127,1.5873024,1.873015,1.6190475],"rotation":0,"texture":"#0","tintindex":0},"south":{"uv":[1.84127,1.5873024,1.873015,1.6190475],"rotation":0,"texture":"#0","tintindex":0},"north":{"uv":[1.84127,1.5873024,1.873015,1.6190475],"rotation":0,"texture":"#0","tintindex":0},"west":{"uv":[1.84127,1.5873024,1.873015,1.6190475],"rotation":0,"texture":"#0","tintindex":0},"up":{"uv":[1.84127,1.5873024,1.873015,1.6190475],"rotation":0,"texture":"#0","tintindex":0},"down":{"uv":[1.84127,1.5873024,1.873015,1.6190475],"rotation":0,"texture":"#0","tintindex":0}}},{"from":[7.5702744,6.2822056,7.694352],"to":[7.9611316,8.072068,7.694352],"rotation":{"angle":0.0,"axis":"y","origin":[-13.657156,6.857143,7.777141]},"faces":{"east":{"uv":[1.84127,1.5873024,1.873015,1.6190475],"rotation":0,"texture":"#0","tintindex":0},"south":{"uv":[1.84127,1.5873024,1.873015,1.6190475],"rotation":0,"texture":"#0","tintindex":0},"north":{"uv":[1.84127,1.5873024,1.873015,1.6190475],"rotation":0,"texture":"#0","tintindex":0},"west":{"uv":[1.84127,1.5873024,1.873015,1.6190475],"rotation":0,"texture":"#0","tintindex":0},"up":{"uv":[1.84127,1.5873024,1.873015,1.6190475],"rotation":0,"texture":"#0","tintindex":0},"down":{"uv":[1.84127,1.5873024,1.873015,1.6190475],"rotation":0,"texture":"#0","tintindex":0}}},{"from":[7.7461257,6.042206,7.7000666],"to":[8.148412,8.072068,7.8199296],"rotation":{"angle":0.0,"axis":"y","origin":[7.4786973,6.857143,7.777141]},"faces":{"east":{"uv":[1.84127,1.5873024,1.873015,1.6190475],"rotation":0,"texture":"#0","tintindex":0},"south":{"uv":[1.84127,1.5873024,1.873015,1.6190475],"rotation":0,"texture":"#0","tintindex":0},"north":{"uv":[1.84127,1.5873024,1.873015,1.6190475],"rotation":0,"texture":"#0","tintindex":0},"west":{"uv":[1.84127,1.5873024,1.873015,1.6190475],"rotation":0,"texture":"#0","tintindex":0},"up":{"uv":[1.84127,1.5873024,1.873015,1.6190475],"rotation":0,"texture":"#0","tintindex":0},"down":{"uv":[1.84127,1.5873024,1.873015,1.6190475],"rotation":0,"texture":"#0","tintindex":0}}},{"from":[7.4489827,6.4422054,7.694352],"to":[7.83984,8.072068,7.694352],"rotation":{"angle":0.0,"axis":"y","origin":[7.4786973,6.857143,7.777141]},"faces":{"east":{"uv":[1.84127,1.5873024,1.873015,1.6190475],"rotation":0,"texture":"#0","tintindex":0},"south":{"uv":[1.84127,1.5873024,1.873015,1.6190475],"rotation":0,"texture":"#0","tintindex":0},"north":{"uv":[1.84127,1.5873024,1.873015,1.6190475],"rotation":0,"texture":"#0","tintindex":0},"west":{"uv":[1.84127,1.5873024,1.873015,1.6190475],"rotation":0,"texture":"#0","tintindex":0},"up":{"uv":[1.84127,1.5873024,1.873015,1.6190475],"rotation":0,"texture":"#0","tintindex":0},"down":{"uv":[1.84127,1.5873024,1.873015,1.6190475],"rotation":0,"texture":"#0","tintindex":0}}},{"from":[7.261703,6.5679197,7.694352],"to":[7.4489827,8.072068,7.8199296],"rotation":{"angle":0.0,"axis":"y","origin":[-13.657156,6.857143,7.777141]},"faces":{"east":{"uv":[1.84127,1.5873024,1.873015,1.6190475],"rotation":0,"texture":"#0","tintindex":0},"south":{"uv":[1.84127,1.5873024,1.873015,1.6190475],"rotation":0,"texture":"#0","tintindex":0},"north":{"uv":[1.84127,1.5873024,1.873015,1.6190475],"rotation":0,"texture":"#0","tintindex":0},"west":{"uv":[1.84127,1.5873024,1.873015,1.6190475],"rotation":0,"texture":"#0","tintindex":0},"up":{"uv":[1.84127,1.5873024,1.873015,1.6190475],"rotation":0,"texture":"#0","tintindex":0},"down":{"uv":[1.84127,1.5873024,1.873015,1.6190475],"rotation":0,"texture":"#0","tintindex":0}}},{"from":[6.9988456,6.3336344,7.694352],"to":[7.307417,8.072068,7.8199296],"rotation":{"angle":0.0,"axis":"y","origin":[-13.657156,6.857143,7.777141]},"faces":{"east":{"uv":[1.84127,1.5873024,1.873015,1.6190475],"rotation":0,"texture":"#0","tintindex":0},"south":{"uv":[1.84127,1.5873024,1.873015,1.6190475],"rotation":0,"texture":"#0","tintindex":0},"north":{"uv":[1.84127,1.5873024,1.873015,1.6190475],"rotation":0,"texture":"#0","tintindex":0},"west":{"uv":[1.84127,1.5873024,1.873015,1.6190475],"rotation":0,"texture":"#0","tintindex":0},"up":{"uv":[1.84127,1.5873024,1.873015,1.6190475],"rotation":0,"texture":"#0","tintindex":0},