{"textures":{"0":"modelengine:entity/dragnute"},"elements":[{"from":[6.936284,12.917154,9.803942],"to":[7.9315643,14.8506975,9.896377],"rotation":{"angle":0.0,"axis":"y","origin":[6.059393,17.456001,8.369873]},"faces":{"east":{"uv":[13.52381,3.3015876,13.68254,3.4285724],"rotation":0,"texture":"#0","tintindex":0},"south":{"uv":[13.52381,3.3015876,13.68254,3.4285724],"rotation":0,"texture":"#0","tintindex":0},"north":{"uv":[13.52381,3.3015876,13.68254,3.4285724],"rotation":0,"texture":"#0","tintindex":0},"west":{"uv":[13.52381,3.3015876,13.68254,3.4285724],"rotation":0,"texture":"#0","tintindex":0},"up":{"uv":[13.52381,3.3015876,13.68254,3.4285724],"rotation":0,"texture":"#0","tintindex":0},"down":{"uv":[13.52381,3.3015876,13.68254,3.4285724],"rotation":0,"texture":"#0","tintindex":0}}},{"from":[5.3894043,13.024195,7.2919416],"to":[6.152524,14.776034,7.517336],"rotation":{"angle":22.5,"axis":"y","origin":[5.442033,13.548983,6.9229703]},"faces":{"east":{"uv":[14.063493,3.11111,14.15873,3.1428576],"rotation":270,"texture":"#0","tintindex":0},"south":{"uv":[14.063493,3.11111,14.15873,3.1428576],"rotation":270,"texture":"#0","tintindex":0},"north":{"uv":[14.063493,3.11111,14.15873,3.1428576],"rotation":270,"texture":"#0","tintindex":0},"west":{"uv":[14.063493,3.11111,14.15873,3.1428576],"rotation":270,"texture":"#0","tintindex":0},"up":{"uv":[14.063493,3.11111,14.15873,3.1428576],"rotation":270,"texture":"#0","tintindex":0},"down":{"uv":[14.063493,3.11111,14.15873,3.1428576],"rotation":270,"texture":"#0","tintindex":0}}},{"from":[5.360181,13.024195,7.2410846],"to":[5.5855756,14.81032,7.8718047],"rotation":{"angle":-22.5,"axis":"y","origin":[5.322021,14.510697,7.2478733]},"faces":{"east":{"uv":[13.36508,2.5714276,13.492063,2.6666675],"rotation":270,"texture":"#0","tintindex":0},"south":{"uv":[13.36508,2.5714276,13.492063,2.6666675],"rotation":270,"texture":"#0","tintindex":0},"north":{"uv":[13.36508,2.5714276,13.492063,2.6666675],"rotation":270,"texture":"#0","tintindex":0},"west":{"uv":[13.36508,2.5714276,13.492063,2.6666675],"rotation":270,"texture":"#0","tintindex":0},"up":{"uv":[13.36508,2.5714276,13.492063,2.6666675],"rotation":270,"texture":"#0","tintindex":0},"down":{"uv":[13.36508,2.5714276,13.492063,2.6666675],"rotation":270,"texture":"#0","tintindex":0}}},{"from":[4.673107,13.024195,8.590742],"to":[4.8985014,14.81032,9.461473],"rotation":{"angle":22.5,"axis":"y","origin":[5.3892326,14.510697,7.479816]},"faces":{"east":{"uv":[14.0,2.79365,14.126985,2.920635],"rotation":270,"texture":"#0","tintindex":0},"south":{"uv":[14.0,2.79365,14.126985,2.920635],"rotation":270,"texture":"#0","tintindex":0},"north":{"uv":[14.0,2.79365,14.126985,2.920635],"rotation":270,"texture":"#0","tintindex":0},"west":{"uv":[14.0,2.79365,14.126985,2.920635],"rotation":270,"texture":"#0","tintindex":0},"up":{"uv":[14.0,2.79365,14.126985,2.920635],"rotation":270,"texture":"#0","tintindex":0},"down":{"uv":[14.0,2.79365,14.126985,2.920635],"rotation":270,"texture":"#0","tintindex":0}}},{"from":[5.7026725,13.024195,9.966936],"to":[6.98825,14.81032,10.192319],"rotation":{"angle":-22.5,"axis":"y","origin":[7.4538155,13.548983,9.709268]},"faces":{"east":{"uv":[14.031745,3.11111,14.126985,3.1746025],"rotation":270,"texture":"#0","tintindex":0},"south":{"uv":[14.031745,3.11111,14.126985,3.1746025],"rotation":270,"texture":"#0","tintindex":0},"north":{"uv":[14.031745,3.11111,14.126985,3.1746025],"rotation":270,"texture":"#0","tintindex":0},"west":{"uv":[14.031745,3.11111,14.126985,3.1746025],"rotation":270,"texture":"#0","tintindex":0},"up":{"uv":[14.031745,3.11111,14.126985,3.1746025],"rotation":270,"texture":"#0","tintindex":0},"down":{"uv":[14.031745,3.11111,14.126985,3.1746025],"rotation":270,"texture":"#0","tintindex":0}}},{"from":[7.902067,13.024195,9.954787],"to":[9.187644,14.81032,10.18017],"rotation":{"angle":22.5,"axis":"y","origin":[7.4538155,13.548983,9.709268]},"faces":{"east":{"uv":[14.031745,3.11111,14.126985,3.1746025],"rotation":270,"texture":"#0","tintindex":0},"south":{"uv":[14.031745,3.11111,14.126985,3.1746025],"rotation":270,"texture":"#0","tintindex":0},"north":{"uv":[14.031745,3.11111,14.126985,3.1746025],"rotation":270,"texture":"#0","tintindex":0},"west":{"uv":[14.031745,3.11111,14.126985,3.1746025],"rotation":270,"texture":"#0","tintindex":0},"up":{"uv":[14.031745,3.11111,14.126985,3.1746025],"rotation":270,"texture":"#0","tintindex":0},"down":{"uv":[14.031745,3.11111,14.126985,3.1746025],"rotation":270,"texture":"#0","tintindex":0}}},{"from":[7.8670497,12.959646,9.891885],"to":[8.73777,14.734892,10.117268],"rotation":{"angle":22.5,"axis":"y","origin":[7.4658957,13.426412,9.855862]},"faces":{"east":{"uv":[1.968255,8.380953,2.190475,8.603175],"rotation":270,"texture":"#0","tintindex":0},"south":{"uv":[1.968255,8.380953,2.190475,8.603175],"rotation":270,"texture":"#0","tintindex":0},"north":{"uv":[1.968255,8.380953,2.190475,8.603175],"rotation":270,"texture":"#0","tintindex":0},"west":{"uv":[1.968255,8.380953,2.190475,8.603175],"rotation":270,"texture":"#0","tintindex":0},"up":{"uv":[1.968255,8.380953,2.190475,8.603175],"rotation":270,"texture":"#0","tintindex":0},"down":{"uv":[1.968255,8.380953,2.190475,8.603175],"rotation":270,"texture":"#0","tintindex":0}}},{"from":[6.2071185,13.028217,9.923519],"to":[7.0778384,14.734892,10.148902],"rotation":{"angle":-22.5,"axis":"y","origin":[7.4658957,13.426412,9.855862]},"faces":{"east":{"uv":[1.968255,8.380953,2.190475,8.603175],"rotation":270,"texture":"#0","tintindex":0},"south":{"uv":[1.968255,8.380953,2.190475,8.603175],"rotation":270,"texture":"#0","tintindex":0},"north":{"uv":[1.968255,8.380953,2.190475,8.603175],"rotation":270,"texture":"#0","tintindex":0},"west":{"uv":[1.968255,8.380953,2.190475,8.603175],"rotation":270,"texture":"#0","tintindex":0},"up":{"uv":[1.968255,8.380953,2.190475,8.603175],"rotation":270,"texture":"#0","tintindex":0},"down":{"uv":[1.968255,8.380953,2.190475,8.603175],"rotation":270,"texture":"#0","tintindex":0}}},{"from":[9.686696,13.024195,8.697622],"to":[9.912079,14.81032,9.568342],"rotation":{"angle":-22.5,"axis":"y","origin":[9.619039,13.501841,8.309576]},"faces":{"east":{"uv":[14.0,2.79365,14.126985,2.920635],"rotation":270,"texture":"#0","tintindex":0},"south":{"uv":[14.0,2.79365,14.126985,2.920635],"rotation":270,"texture":"#0","tintindex":0},"north":{"uv":[14.0,2.79365,14.126985,2.920635],"rotation":270,"texture":"#0","tintindex":0},"west":{"uv":[14.0,2.79365,14.126985,2.920635],"rotation":270,"texture":"#0","tintindex":0},"up":{"uv":[14.0,2.79365,14.126985,2.920635],"rotation":270,"texture":"#0","tintindex":0},"down":{"uv":[14.0,2.79365,14.126985,2.920635],"rotation":270,"texture":"#0","tintindex":0}}},{"from":[9.655062,13.024195,7.311976],"to":[9.880445,14.81032,7.908422],"rotation":{"angle":22.5,"axis":"y","origin":[9.619039,13.501841,8.309576]},"faces":{"east":{"uv":[13.36508,2.5714276,13.492063,2.6666675],"rotation":270,"texture":"#0","tintindex":0},"south":{"uv":[13.36508,2.5714276,13.492063,2.6666675],"rotation":270,"texture":"#0","tintindex":0},"north":{"uv":[13.36508,2.5714276,13.492063,2.6666675],"rotation":270,"texture":"#0","tintindex":0},"west":{"uv":[13.36508,2.5714276,13.492063,2.6666675],"rotation":270,"texture":"#0","tintindex":0},"up":{"uv":[13.36508,2.5714276,13.492063,2.6666675],"rotation":270,"texture":"#0","tintindex":0},"down":{"uv":[13.36508,2.5714276,13.492063,2.6666675],"rotation":270,"texture":"#0","tintindex":0}}},{"from":[8.958947,13.024195,6.799176],"to":[9.722078,14.776034,7.024559],"rotation":{"angle":-22.5,"axis":"y","origin":[8.281713,13.548983,6.3170505]},"faces":{"east":{"uv":[14.063493,3.11111,14.15873,3.1428576],"rotation":270,"texture":"#0","tintindex":0},"south":{"uv":[14.063493,3.11111,14.15873,3.1428576],"rotation":270,"texture":"#0","tintindex":0},"north":{"uv":[14.063493,3.11111,14.15873,3.1428576],"rotation":270,"texture":"#0","tintindex":0},"west":{"uv":[14.063493,3.11111,14.15873,3.1428576],"rotation":270,"texture":"#0",