{"textures":{"3":"modelengine:entity/coal_block","5":"modelengine:entity/anvil","8":"modelengine:entity/blue_glazed_terracotta"},"elements":[{"from":[7.52856,6.881377,7.4740915],"to":[7.6412573,7.5958514,7.823737],"rotation":{"angle":-22.5,"axis":"y","origin":[7.50948,7.2574744,7.511771]},"faces":{"east":{"uv":[5.46032,10.28571,5.96825,10.66667],"rotation":270,"texture":"#3","tintindex":0},"south":{"uv":[5.46032,10.28571,5.96825,10.66667],"rotation":270,"texture":"#3","tintindex":0},"north":{"uv":[5.46032,10.28571,5.96825,10.66667],"rotation":270,"texture":"#3","tintindex":0},"west":{"uv":[5.46032,10.28571,5.96825,10.66667],"rotation":270,"texture":"#3","tintindex":0},"up":{"uv":[5.46032,10.28571,5.96825,10.66667],"rotation":270,"texture":"#3","tintindex":0},"down":{"uv":[5.46032,10.28571,5.96825,10.66667],"rotation":270,"texture":"#3","tintindex":0}}},{"from":[7.5780916,6.881377,7.4815426],"to":[7.9082284,7.5958514,7.5942345],"rotation":{"angle":22.5,"axis":"y","origin":[7.626057,7.266903,7.34932]},"faces":{"east":{"uv":[8.25397,12.44444,8.63492,12.57143],"rotation":270,"texture":"#3","tintindex":0},"south":{"uv":[8.25397,12.44444,8.63492,12.57143],"rotation":270,"texture":"#3","tintindex":0},"north":{"uv":[8.25397,12.44444,8.63492,12.57143],"rotation":270,"texture":"#3","tintindex":0},"west":{"uv":[8.25397,12.44444,8.63492,12.57143],"rotation":270,"texture":"#3","tintindex":0},"up":{"uv":[8.25397,12.44444,8.63492,12.57143],"rotation":270,"texture":"#3","tintindex":0},"down":{"uv":[8.25397,12.44444,8.63492,12.57143],"rotation":270,"texture":"#3","tintindex":0}}},{"from":[8.338897,6.8964286,8.7829485],"to":[8.905108,7.5989027,8.8977375],"rotation":{"angle":0.0,"axis":"y","origin":[7.934737,9.220411,8.072771]},"faces":{"east":{"uv":[6.09524,13.20635,6.73016,13.71429],"rotation":0,"texture":"#3","tintindex":0},"south":{"uv":[6.09524,13.20635,6.73016,13.71429],"rotation":0,"texture":"#3","tintindex":0},"north":{"uv":[6.09524,13.20635,6.73016,13.71429],"rotation":0,"texture":"#3","tintindex":0},"west":{"uv":[6.09524,13.20635,6.73016,13.71429],"rotation":0,"texture":"#3","tintindex":0},"up":{"uv":[6.09524,13.20635,6.73016,13.71429],"rotation":0,"texture":"#3","tintindex":0},"down":{"uv":[6.09524,13.20635,6.73016,13.71429],"rotation":0,"texture":"#3","tintindex":0}}},{"from":[9.400583,6.881377,7.235154],"to":[9.782148,7.5958514,7.3478513],"rotation":{"angle":-22.5,"axis":"y","origin":[9.0458975,7.266903,7.04636]},"faces":{"east":{"uv":[8.25397,12.44444,8.63492,12.57143],"rotation":270,"texture":"#3","tintindex":0},"south":{"uv":[8.25397,12.44444,8.63492,12.57143],"rotation":270,"texture":"#3","tintindex":0},"north":{"uv":[8.25397,12.44444,8.63492,12.57143],"rotation":270,"texture":"#3","tintindex":0},"west":{"uv":[8.25397,12.44444,8.63492,12.57143],"rotation":270,"texture":"#3","tintindex":0},"up":{"uv":[8.25397,12.44444,8.63492,12.57143],"rotation":270,"texture":"#3","tintindex":0},"down":{"uv":[8.25397,12.44444,8.63492,12.57143],"rotation":270,"texture":"#3","tintindex":0}}},{"from":[8.925703,6.881377,7.3571486],"to":[9.050126,7.40728,7.486983],"rotation":{"angle":0.0,"axis":"y","origin":[9.415806,7.1584744,7.464926]},"faces":{"east":{"uv":[10.79365,8.7619,11.1746,9.01587],"rotation":270,"texture":"#5","tintindex":0},"south":{"uv":[10.79365,8.7619,11.1746,9.01587],"rotation":270,"texture":"#5","tintindex":0},"north":{"uv":[10.79365,8.7619,11.1746,9.01587],"rotation":270,"texture":"#5","tintindex":0},"west":{"uv":[10.79365,8.7619,11.1746,9.01587],"rotation":270,"texture":"#5","tintindex":0},"up":{"uv":[10.79365,8.7619,11.1746,9.01587],"rotation":270,"texture":"#5","tintindex":0},"down":{"uv":[10.79365,8.7619,11.1746,9.01587],"rotation":270,"texture":"#5","tintindex":0}}},{"from":[8.977132,6.881377,7.3742914],"to":[9.307268,7.5958514,7.486983],"rotation":{"angle":0.0,"axis":"y","origin":[9.415806,7.1584744,7.464926]},"faces":{"east":{"uv":[6.34921,13.46032,6.73016,13.5873],"rotation":270,"texture":"#3","tintindex":0},"south":{"uv":[6.34921,13.46032,6.73016,13.5873],"rotation":270,"texture":"#3","tintindex":0},"north":{"uv":[6.34921,13.46032,6.73016,13.5873],"rotation":270,"texture":"#3","tintindex":0},"west":{"uv":[6.34921,13.46032,6.73016,13.5873],"rotation":270,"texture":"#3","tintindex":0},"up":{"uv":[6.34921,13.46032,6.73016,13.5873],"rotation":270,"texture":"#3","tintindex":0},"down":{"uv":[6.34921,13.46032,6.73016,13.5873],"rotation":270,"texture":"#3","tintindex":0}}},{"from":[8.324343,6.881377,7.340006],"to":[8.448766,7.510137,7.46984],"rotation":{"angle":0.0,"axis":"y","origin":[9.330091,7.1584744,7.447783]},"faces":{"east":{"uv":[10.79365,8.7619,11.1746,9.01587],"rotation":270,"texture":"#5","tintindex":0},"south":{"uv":[10.79365,8.7619,11.1746,9.01587],"rotation":270,"texture":"#5","tintindex":0},"north":{"uv":[10.79365,8.7619,11.1746,9.01587],"rotation":270,"texture":"#5","tintindex":0},"west":{"uv":[10.79365,8.7619,11.1746,9.01587],"rotation":270,"texture":"#5","tintindex":0},"up":{"uv":[10.79365,8.7619,11.1746,9.01587],"rotation":270,"texture":"#5","tintindex":0},"down":{"uv":[10.79365,8.7619,11.1746,9.01587],"rotation":270,"texture":"#5","tintindex":0}}},{"from":[7.964343,6.89852,7.3571486],"to":[8.328766,7.5787086,7.46984],"rotation":{"angle":0.0,"axis":"y","origin":[9.26152,7.1584744,7.447783]},"faces":{"east":{"uv":[6.34921,13.46032,6.73016,13.5873],"rotation":270,"texture":"#3","tintindex":0},"south":{"uv":[6.34921,13.46032,6.73016,13.5873],"rotation":270,"texture":"#3","tintindex":0},"north":{"uv":[6.34921,13.46032,6.73016,13.5873],"rotation":270,"texture":"#3","tintindex":0},"west":{"uv":[6.34921,13.46032,6.73016,13.5873],"rotation":270,"texture":"#3","tintindex":0},"up":{"uv":[6.34921,13.46032,6.73016,13.5873],"rotation":270,"texture":"#3","tintindex":0},"down":{"uv":[6.34921,13.46032,6.73016,13.5873],"rotation":270,"texture":"#3","tintindex":0}}},{"from":[9.801977,6.881377,7.5140457],"to":[9.914669,7.5958514,7.8636913],"rotation":{"angle":22.5,"axis":"y","origin":[9.731703,7.2433314,8.042623]},"faces":{"east":{"uv":[5.46032,10.28571,5.96825,10.66667],"rotation":270,"texture":"#3","tintindex":0},"south":{"uv":[5.46032,10.28571,5.96825,10.66667],"rotation":270,"texture":"#3","tintindex":0},"north":{"uv":[5.46032,10.28571,5.96825,10.66667],"rotation":270,"texture":"#3","tintindex":0},"west":{"uv":[5.46032,10.28571,5.96825,10.66667],"rotation":270,"texture":"#3","tintindex":0},"up":{"uv":[5.46032,10.28571,5.96825,10.66667],"rotation":270,"texture":"#3","tintindex":0},"down":{"uv":[5.46032,10.28571,5.96825,10.66667],"rotation":270,"texture":"#3","tintindex":0}}},{"from":[9.817795,6.881377,8.215],"to":[9.930491,7.5958514,8.616075],"rotation":{"angle":-22.5,"axis":"y","origin":[9.731703,7.2433314,8.042623]},"faces":{"east":{"uv":[8.0,11.1746,8.50794,11.68254],"rotation":270,"texture":"#3","tintindex":0},"south":{"uv":[8.0,11.1746,8.50794,11.68254],"rotation":270,"texture":"#3","tintindex":0},"north":{"uv":[8.0,11.1746,8.50794,11.68254],"rotation":270,"texture":"#3","tintindex":0},"west":{"uv":[8.0,11.1746,8.50794,11.68254],"rotation":270,"texture":"#3","tintindex":0},"up":{"uv":[8.0,11.1746,8.50794,11.68254],"rotation":270,"texture":"#3","tintindex":0},"down":{"uv":[8.0,11.1746,8.50794,11.68254],"rotation":270,"texture":"#3","tintindex":0}}},{"from":[8.877726,6.881377,8.917492],"to":[9.571943,7.624423,9.030183],"rotation":{"angle":22.5,"axis":"y","origin":[8.631948,7.266903,8.742469]},"faces":{"east":{"uv":[8.12698,12.44444,8.50794,12.69841],"rotation":270,"texture":"#3","tintindex":0},"south":{"uv":[8.12698,12.44444,8.50794,12.69841],"rotation":270,"texture":"#3","tintindex":0},"north":{"uv":[8.12698,12.44444,8.50794,12.69841],"rotation":270,"texture":"#3","tintindex":0},"west":{"uv":[8.12698,12.44444,8.50794,12.69841],"rotation":270,"texture":"#3","tintindex":0},"up":{"uv":[8.12698,12.44444,8.50794,12.69841],"rotation":270,"texture":"#3","tintindex":0},"down":{"uv":[8.12698,12.44444,8.50794,12.69841],"rotation":270,"texture":"#3",