{"textures":{"0":"modelengine:entity/dragnute"},"elements":[{"from":[7.02793,7.715897,5.4264216],"to":[7.72249,10.139132,5.651805],"rotation":{"angle":22.5,"axis":"y","origin":[7.1671643,10.424091,5.2665014]},"faces":{"east":{"uv":[14.063493,3.11111,14.15873,3.1428576],"rotation":270,"texture":"#0","tintindex":0},"south":{"uv":[14.063493,3.11111,14.15873,3.1428576],"rotation":270,"texture":"#0","tintindex":0},"north":{"uv":[14.063493,3.11111,14.15873,3.1428576],"rotation":270,"texture":"#0","tintindex":0},"west":{"uv":[14.063493,3.11111,14.15873,3.1428576],"rotation":270,"texture":"#0","tintindex":0},"up":{"uv":[14.063493,3.11111,14.15873,3.1428576],"rotation":270,"texture":"#0","tintindex":0},"down":{"uv":[14.063493,3.11111,14.15873,3.1428576],"rotation":270,"texture":"#0","tintindex":0}}},{"from":[6.859027,7.6781826,5.447473],"to":[7.084421,10.139132,6.215336],"rotation":{"angle":-22.5,"axis":"y","origin":[6.820867,9.650949,5.591405]},"faces":{"east":{"uv":[13.36508,2.5714276,13.492063,2.6666675],"rotation":270,"texture":"#0","tintindex":0},"south":{"uv":[13.36508,2.5714276,13.492063,2.6666675],"rotation":270,"texture":"#0","tintindex":0},"north":{"uv":[13.36508,2.5714276,13.492063,2.6666675],"rotation":270,"texture":"#0","tintindex":0},"west":{"uv":[13.36508,2.5714276,13.492063,2.6666675],"rotation":270,"texture":"#0","tintindex":0},"up":{"uv":[13.36508,2.5714276,13.492063,2.6666675],"rotation":270,"texture":"#0","tintindex":0},"down":{"uv":[13.36508,2.5714276,13.492063,2.6666675],"rotation":270,"texture":"#0","tintindex":0}}},{"from":[10.748342,7.715897,4.9679303],"to":[11.511473,10.139132,5.193313],"rotation":{"angle":-22.5,"axis":"y","origin":[10.0068445,10.424091,4.694867]},"faces":{"east":{"uv":[14.063493,3.11111,14.15873,3.1428576],"rotation":270,"texture":"#0","tintindex":0},"south":{"uv":[14.063493,3.11111,14.15873,3.1428576],"rotation":270,"texture":"#0","tintindex":0},"north":{"uv":[14.063493,3.11111,14.15873,3.1428576],"rotation":270,"texture":"#0","tintindex":0},"west":{"uv":[14.063493,3.11111,14.15873,3.1428576],"rotation":270,"texture":"#0","tintindex":0},"up":{"uv":[14.063493,3.11111,14.15873,3.1428576],"rotation":270,"texture":"#0","tintindex":0},"down":{"uv":[14.063493,3.11111,14.15873,3.1428576],"rotation":270,"texture":"#0","tintindex":0}}},{"from":[9.832878,7.715897,5.211919],"to":[10.081724,10.139132,5.471587],"rotation":{"angle":0.0,"axis":"y","origin":[10.746661,10.659806,5.5319986]},"faces":{"east":{"uv":[6.6984124,6.190475,6.79365,6.2539673],"rotation":270,"texture":"#0","tintindex":0},"south":{"uv":[6.6984124,6.190475,6.79365,6.2539673],"rotation":270,"texture":"#0","tintindex":0},"north":{"uv":[6.6984124,6.190475,6.79365,6.2539673],"rotation":270,"texture":"#0","tintindex":0},"west":{"uv":[6.6984124,6.190475,6.79365,6.2539673],"rotation":270,"texture":"#0","tintindex":0},"up":{"uv":[6.6984124,6.190475,6.79365,6.2539673],"rotation":270,"texture":"#0","tintindex":0},"down":{"uv":[6.6984124,6.190475,6.79365,6.2539673],"rotation":270,"texture":"#0","tintindex":0}}},{"from":[10.072879,7.715897,5.2462044],"to":[10.561725,10.139132,5.471587],"rotation":{"angle":0.0,"axis":"y","origin":[10.746661,10.659806,5.5319986]},"faces":{"east":{"uv":[13.587302,3.36508,13.68254,3.396825],"rotation":270,"texture":"#0","tintindex":0},"south":{"uv":[13.587302,3.36508,13.68254,3.396825],"rotation":270,"texture":"#0","tintindex":0},"north":{"uv":[13.587302,3.36508,13.68254,3.396825],"rotation":270,"texture":"#0","tintindex":0},"west":{"uv":[13.587302,3.36508,13.68254,3.396825],"rotation":270,"texture":"#0","tintindex":0},"up":{"uv":[13.587302,3.36508,13.68254,3.396825],"rotation":270,"texture":"#0","tintindex":0},"down":{"uv":[13.587302,3.36508,13.68254,3.396825],"rotation":270,"texture":"#0","tintindex":0}}},{"from":[8.390159,7.715897,5.1433477],"to":[8.639004,10.139132,5.403016],"rotation":{"angle":0.0,"axis":"y","origin":[10.5752325,10.659806,5.4634275]},"faces":{"east":{"uv":[6.6984124,6.190475,6.79365,6.2539673],"rotation":270,"texture":"#0","tintindex":0},"south":{"uv":[6.6984124,6.190475,6.79365,6.2539673],"rotation":270,"texture":"#0","tintindex":0},"north":{"uv":[6.6984124,6.190475,6.79365,6.2539673],"rotation":270,"texture":"#0","tintindex":0},"west":{"uv":[6.6984124,6.190475,6.79365,6.2539673],"rotation":270,"texture":"#0","tintindex":0},"up":{"uv":[6.6984124,6.190475,6.79365,6.2539673],"rotation":270,"texture":"#0","tintindex":0},"down":{"uv":[6.6984124,6.190475,6.79365,6.2539673],"rotation":270,"texture":"#0","tintindex":0}}},{"from":[7.73873,7.715897,5.1776333],"to":[8.467576,10.139132,5.403016],"rotation":{"angle":0.0,"axis":"y","origin":[10.43809,10.659806,5.4634275]},"faces":{"east":{"uv":[13.587302,3.36508,13.68254,3.396825],"rotation":270,"texture":"#0","tintindex":0},"south":{"uv":[13.587302,3.36508,13.68254,3.396825],"rotation":270,"texture":"#0","tintindex":0},"north":{"uv":[13.587302,3.36508,13.68254,3.396825],"rotation":270,"texture":"#0","tintindex":0},"west":{"uv":[13.587302,3.36508,13.68254,3.396825],"rotation":270,"texture":"#0","tintindex":0},"up":{"uv":[13.587302,3.36508,13.68254,3.396825],"rotation":270,"texture":"#0","tintindex":0},"down":{"uv":[13.587302,3.36508,13.68254,3.396825],"rotation":270,"texture":"#0","tintindex":0}}},{"from":[11.62353,7.6781826,5.639256],"to":[11.848925,10.139132,6.3385477],"rotation":{"angle":22.5,"axis":"y","origin":[11.378456,10.376948,6.6531076]},"faces":{"east":{"uv":[13.36508,2.5714276,13.492063,2.6666675],"rotation":270,"texture":"#0","tintindex":0},"south":{"uv":[13.36508,2.5714276,13.492063,2.6666675],"rotation":270,"texture":"#0","tintindex":0},"north":{"uv":[13.36508,2.5714276,13.492063,2.6666675],"rotation":270,"texture":"#0","tintindex":0},"west":{"uv":[13.36508,2.5714276,13.492063,2.6666675],"rotation":270,"texture":"#0","tintindex":0},"up":{"uv":[13.36508,2.5714276,13.492063,2.6666675],"rotation":270,"texture":"#0","tintindex":0},"down":{"uv":[13.36508,2.5714276,13.492063,2.6666675],"rotation":270,"texture":"#0","tintindex":0}}},{"from":[11.482776,7.5273256,6.223439],"to":[11.7081585,10.101418,7.0941706],"rotation":{"angle":0.0,"axis":"y","origin":[11.378456,10.376948,6.6531076]},"faces":{"east":{"uv":[15.36508,2.603175,15.492063,2.6984124],"rotation":270,"texture":"#0","tintindex":0},"south":{"uv":[15.36508,2.603175,15.492063,2.6984124],"rotation":270,"texture":"#0","tintindex":0},"north":{"uv":[15.36508,2.603175,15.492063,2.6984124],"rotation":270,"texture":"#0","tintindex":0},"west":{"uv":[15.36508,2.603175,15.492063,2.6984124],"rotation":270,"texture":"#0","tintindex":0},"up":{"uv":[15.36508,2.603175,15.492063,2.6984124],"rotation":270,"texture":"#0","tintindex":0},"down":{"uv":[15.36508,2.603175,15.492063,2.6984124],"rotation":270,"texture":"#0","tintindex":0}}},{"from":[11.379919,9.550183,6.223439],"to":[11.605301,11.507132,7.0941706],"rotation":{"angle":0.0,"axis":"y","origin":[11.378456,10.376948,6.6531076]},"faces":{"east":{"uv":[15.36508,2.603175,15.492063,2.6984124],"rotation":270,"texture":"#0","tintindex":0},"south":{"uv":[15.36508,2.603175,15.492063,2.6984124],"rotation":270,"texture":"#0","tintindex":0},"north":{"uv":[15.36508,2.603175,15.492063,2.6984124],"rotation":270,"texture":"#0","tintindex":0},"west":{"uv":[15.36508,2.603175,15.492063,2.6984124],"rotation":270,"texture":"#0","tintindex":0},"up":{"uv":[15.36508,2.603175,15.492063,2.6984124],"rotation":270,"texture":"#0","tintindex":0},"down":{"uv":[15.36508,2.603175,15.492063,2.6984124],"rotation":270,"texture":"#0","tintindex":0}}},{"from":[11.139918,10.650045,6.223439],"to":[11.365301,13.3036,7.0941706],"rotation":{"angle":0.0,"axis":"y","origin":[11.34417,11.041977,6.6531076]},"faces":{"east":{"uv":[15.36508,2.603175,15.492063,2.6984124],"rotation":270,"texture":"#0","tintindex":0},"south":{"uv":[15.36508,2.603175,15.492063,2.6984124],"rotation":270,"texture":"#0","tintindex":0},"north":{"uv":[15.36508,2.603175,15.492063,2.6984124],"rotation":270,"texture":"#0","tintindex":0},