{"textures":{"8":"modelengine:entity/blue_glazed_terracotta"},"elements":[{"from":[8.082703,10.356703,8.041486],"to":[8.330269,10.469846,8.814629],"rotation":{"angle":-45.0,"axis":"z","origin":[8.206486,10.978989,8.192343]},"faces":{"east":{"uv":[7.36508,1.65079,7.74603,1.26984],"rotation":90,"texture":"#8","tintindex":0},"south":{"uv":[7.36508,1.65079,7.74603,1.26984],"rotation":90,"texture":"#8","tintindex":0},"north":{"uv":[7.36508,1.65079,7.74603,1.26984],"rotation":90,"texture":"#8","tintindex":0},"west":{"uv":[7.36508,1.65079,7.74603,1.26984],"rotation":90,"texture":"#8","tintindex":0},"up":{"uv":[7.36508,1.65079,7.74603,1.26984],"rotation":90,"texture":"#8","tintindex":0},"down":{"uv":[7.36508,1.65079,7.74603,1.26984],"rotation":90,"texture":"#8","tintindex":0}}},{"from":[8.082703,11.4881315,8.041486],"to":[8.330269,11.6012745,8.814629],"rotation":{"angle":-22.5,"axis":"z","origin":[8.206486,10.978989,8.192343]},"faces":{"east":{"uv":[7.36508,1.65079,7.74603,1.26984],"rotation":90,"texture":"#8","tintindex":0},"south":{"uv":[7.36508,1.65079,7.74603,1.26984],"rotation":90,"texture":"#8","tintindex":0},"north":{"uv":[7.36508,1.65079,7.74603,1.26984],"rotation":90,"texture":"#8","tintindex":0},"west":{"uv":[7.36508,1.65079,7.74603,1.26984],"rotation":90,"texture":"#8","tintindex":0},"up":{"uv":[7.36508,1.65079,7.74603,1.26984],"rotation":90,"texture":"#8","tintindex":0},"down":{"uv":[7.36508,1.65079,7.74603,1.26984],"rotation":90,"texture":"#8","tintindex":0}}},{"from":[8.082703,11.4881315,8.041486],"to":[8.330269,11.6012745,8.814629],"rotation":{"angle":0.0,"axis":"y","origin":[8.206486,10.978989,8.192343]},"faces":{"east":{"uv":[7.36508,1.65079,7.74603,1.26984],"rotation":90,"texture":"#8","tintindex":0},"south":{"uv":[7.36508,1.65079,7.74603,1.26984],"rotation":90,"texture":"#8","tintindex":0},"north":{"uv":[7.36508,1.65079,7.74603,1.26984],"rotation":90,"texture":"#8","tintindex":0},"west":{"uv":[7.36508,1.65079,7.74603,1.26984],"rotation":90,"texture":"#8","tintindex":0},"up":{"uv":[7.36508,1.65079,7.74603,1.26984],"rotation":90,"texture":"#8","tintindex":0},"down":{"uv":[7.36508,1.65079,7.74603,1.26984],"rotation":90,"texture":"#8","tintindex":0}}},{"from":[8.082703,11.4881315,8.041486],"to":[8.330269,11.6012745,8.814629],"rotation":{"angle":22.5,"axis":"z","origin":[8.206486,10.978989,8.192343]},"faces":{"east":{"uv":[7.36508,1.65079,7.74603,1.26984],"rotation":90,"texture":"#8","tintindex":0},"south":{"uv":[7.36508,1.65079,7.74603,1.26984],"rotation":90,"texture":"#8","tintindex":0},"north":{"uv":[7.36508,1.65079,7.74603,1.26984],"rotation":90,"texture":"#8","tintindex":0},"west":{"uv":[7.36508,1.65079,7.74603,1.26984],"rotation":90,"texture":"#8","tintindex":0},"up":{"uv":[7.36508,1.65079,7.74603,1.26984],"rotation":90,"texture":"#8","tintindex":0},"down":{"uv":[7.36508,1.65079,7.74603,1.26984],"rotation":90,"texture":"#8","tintindex":0}}},{"from":[8.082703,11.4881315,8.041486],"to":[8.330269,11.6012745,8.814629],"rotation":{"angle":45.0,"axis":"z","origin":[8.206486,10.978989,8.192343]},"faces":{"east":{"uv":[7.36508,1.65079,7.74603,1.26984],"rotation":90,"texture":"#8","tintindex":0},"south":{"uv":[7.36508,1.65079,7.74603,1.26984],"rotation":90,"texture":"#8","tintindex":0},"north":{"uv":[7.36508,1.65079,7.74603,1.26984],"rotation":90,"texture":"#8","tintindex":0},"west":{"uv":[7.36508,1.65079,7.74603,1.26984],"rotation":90,"texture":"#8","tintindex":0},"up":{"uv":[7.36508,1.65079,7.74603,1.26984],"rotation":90,"texture":"#8","tintindex":0},"down":{"uv":[7.36508,1.65079,7.74603,1.26984],"rotation":90,"texture":"#8","tintindex":0}}},{"from":[7.5842,10.855206,8.041486],"to":[7.697343,11.102766,8.814629],"rotation":{"angle":-22.5,"axis":"z","origin":[8.206486,10.978989,8.192343]},"faces":{"east":{"uv":[7.36508,1.65079,7.74603,1.26984],"rotation":90,"texture":"#8","tintindex":0},"south":{"uv":[7.36508,1.65079,7.74603,1.26984],"rotation":90,"texture":"#8","tintindex":0},"north":{"uv":[7.36508,1.65079,7.74603,1.26984],"rotation":90,"texture":"#8","tintindex":0},"west":{"uv":[7.36508,1.65079,7.74603,1.26984],"rotation":90,"texture":"#8","tintindex":0},"up":{"uv":[7.36508,1.65079,7.74603,1.26984],"rotation":90,"texture":"#8","tintindex":0},"down":{"uv":[7.36508,1.65079,7.74603,1.26984],"rotation":90,"texture":"#8","tintindex":0}}},{"from":[7.5842,10.855206,8.041486],"to":[7.697343,11.102766,8.814629],"rotation":{"angle":0.0,"axis":"y","origin":[8.206486,10.978989,8.192343]},"faces":{"east":{"uv":[7.36508,1.65079,7.74603,1.26984],"rotation":90,"texture":"#8","tintindex":0},"south":{"uv":[7.36508,1.65079,7.74603,1.26984],"rotation":90,"texture":"#8","tintindex":0},"north":{"uv":[7.36508,1.65079,7.74603,1.26984],"rotation":90,"texture":"#8","tintindex":0},"west":{"uv":[7.36508,1.65079,7.74603,1.26984],"rotation":90,"texture":"#8","tintindex":0},"up":{"uv":[7.36508,1.65079,7.74603,1.26984],"rotation":90,"texture":"#8","tintindex":0},"down":{"uv":[7.36508,1.65079,7.74603,1.26984],"rotation":90,"texture":"#8","tintindex":0}}},{"from":[7.5842,10.855206,8.041486],"to":[7.697343,11.102766,8.814629],"rotation":{"angle":22.5,"axis":"z","origin":[8.206486,10.978989,8.192343]},"faces":{"east":{"uv":[7.36508,1.65079,7.74603,1.26984],"rotation":90,"texture":"#8","tintindex":0},"south":{"uv":[7.36508,1.65079,7.74603,1.26984],"rotation":90,"texture":"#8","tintindex":0},"north":{"uv":[7.36508,1.65079,7.74603,1.26984],"rotation":90,"texture":"#8","tintindex":0},"west":{"uv":[7.36508,1.65079,7.74603,1.26984],"rotation":90,"texture":"#8","tintindex":0},"up":{"uv":[7.36508,1.65079,7.74603,1.26984],"rotation":90,"texture":"#8","tintindex":0},"down":{"uv":[7.36508,1.65079,7.74603,1.26984],"rotation":90,"texture":"#8","tintindex":0}}},{"from":[8.082703,11.4881315,8.041486],"to":[8.330269,11.6012745,8.814629],"rotation":{"angle":-45.0,"axis":"z","origin":[8.206486,10.978989,8.192343]},"faces":{"east":{"uv":[7.36508,1.65079,7.74603,1.26984],"rotation":270,"texture":"#8","tintindex":0},"south":{"uv":[7.36508,1.65079,7.74603,1.26984],"rotation":270,"texture":"#8","tintindex":0},"north":{"uv":[7.36508,1.65079,7.74603,1.26984],"rotation":270,"texture":"#8","tintindex":0},"west":{"uv":[7.36508,1.65079,7.74603,1.26984],"rotation":270,"texture":"#8","tintindex":0},"up":{"uv":[7.36508,1.65079,7.74603,1.26984],"rotation":270,"texture":"#8","tintindex":0},"down":{"uv":[7.36508,1.65079,7.74603,1.26984],"rotation":270,"texture":"#8","tintindex":0}}},{"from":[8.715629,10.855206,8.041486],"to":[8.828772,11.102766,8.814629],"rotation":{"angle":22.5,"axis":"z","origin":[8.206486,10.978989,8.192343]},"faces":{"east":{"uv":[7.36508,1.65079,7.74603,1.26984],"rotation":270,"texture":"#8","tintindex":0},"south":{"uv":[7.36508,1.65079,7.74603,1.26984],"rotation":270,"texture":"#8","tintindex":0},"north":{"uv":[7.36508,1.65079,7.74603,1.26984],"rotation":270,"texture":"#8","tintindex":0},"west":{"uv":[7.36508,1.65079,7.74603,1.26984],"rotation":270,"texture":"#8","tintindex":0},"up":{"uv":[7.36508,1.65079,7.74603,1.26984],"rotation":270,"texture":"#8","tintindex":0},"down":{"uv":[7.36508,1.65079,7.74603,1.26984],"rotation":270,"texture":"#8","tintindex":0}}},{"from":[8.715629,10.855206,8.041486],"to":[8.828772,11.102766,8.814629],"rotation":{"angle":0.0,"axis":"y","origin":[8.206486,10.978989,8.192343]},"faces":{"east":{"uv":[7.36508,1.65079,7.74603,1.26984],"rotation":270,"texture":"#8","tintindex":0},"south":{"uv":[7.36508,1.65079,7.74603,1.26984],"rotation":270,"texture":"#8","tintindex":0},"north":{"uv":[7.36508,1.65079,7.74603,1.26984],"rotation":270,"texture":"#8","tintindex":0},"west":{"uv":[7.36508,1.65079,7.74603,1.26984],"rotation":270,"texture":"#8","tintindex":0},"up":{"uv":[7.36508,1.65079,7.74603,1.26984],"rotation":270,"texture":"#8","tintindex":0},"down":{"uv":[7.36508,1.65079,7.74603,1.26984],"rotation":270,"texture":"#8","tintindex":0}}},{"from":[8.715629,10.855206,8.041486],"to":[8.828772,11.102766,8.814629],"rotation":{"angle":-22.5,"axis":"z",