{"textures":{"3":"modelengine:entity/coal_block","6":"modelengine:entity/red_nether_bricks","7":"modelengine:entity/black_glazed_terracotta"},"elements":[{"from":[7.258297,10.791457,7.7413716],"to":[7.822063,10.990954,8.412446],"rotation":{"angle":-22.5,"axis":"z","origin":[7.929297,9.473177,8.058051]},"faces":{"east":{"uv":[0.0,16.0,14.85714,6.34921],"rotation":0,"texture":"#3","tintindex":0},"south":{"uv":[0.0,16.0,14.85714,6.34921],"rotation":0,"texture":"#3","tintindex":0},"north":{"uv":[0.0,16.0,14.85714,6.34921],"rotation":0,"texture":"#3","tintindex":0},"west":{"uv":[0.0,16.0,14.85714,6.34921],"rotation":0,"texture":"#3","tintindex":0},"up":{"uv":[0.0,16.0,14.85714,6.34921],"rotation":0,"texture":"#3","tintindex":0},"down":{"uv":[0.0,16.0,14.85714,6.34921],"rotation":0,"texture":"#3","tintindex":0}}},{"from":[7.258297,10.6406,7.7413716],"to":[7.6712055,10.802383,8.412446],"rotation":{"angle":-22.5,"axis":"z","origin":[7.929297,9.473177,8.058051]},"faces":{"east":{"uv":[0.0,16.0,14.85714,6.34921],"rotation":0,"texture":"#3","tintindex":0},"south":{"uv":[0.0,16.0,14.85714,6.34921],"rotation":0,"texture":"#3","tintindex":0},"north":{"uv":[0.0,16.0,14.85714,6.34921],"rotation":0,"texture":"#3","tintindex":0},"west":{"uv":[0.0,16.0,14.85714,6.34921],"rotation":0,"texture":"#3","tintindex":0},"up":{"uv":[0.0,16.0,14.85714,6.34921],"rotation":0,"texture":"#3","tintindex":0},"down":{"uv":[0.0,16.0,14.85714,6.34921],"rotation":0,"texture":"#3","tintindex":0}}},{"from":[7.258297,10.414314,7.7413716],"to":[7.482634,10.6515255,8.412446],"rotation":{"angle":-22.5,"axis":"z","origin":[7.929297,9.473177,8.058051]},"faces":{"east":{"uv":[0.0,16.0,14.85714,6.34921],"rotation":0,"texture":"#3","tintindex":0},"south":{"uv":[0.0,16.0,14.85714,6.34921],"rotation":0,"texture":"#3","tintindex":0},"north":{"uv":[0.0,16.0,14.85714,6.34921],"rotation":0,"texture":"#3","tintindex":0},"west":{"uv":[0.0,16.0,14.85714,6.34921],"rotation":0,"texture":"#3","tintindex":0},"up":{"uv":[0.0,16.0,14.85714,6.34921],"rotation":0,"texture":"#3","tintindex":0},"down":{"uv":[0.0,16.0,14.85714,6.34921],"rotation":0,"texture":"#3","tintindex":0}}},{"from":[7.258297,9.697742,7.7413716],"to":[7.3883486,10.066955,8.412446],"rotation":{"angle":-22.5,"axis":"z","origin":[7.929297,9.473177,8.058051]},"faces":{"east":{"uv":[0.0,16.0,15.74603,0.0],"rotation":0,"texture":"#3","tintindex":0},"south":{"uv":[0.0,16.0,15.74603,0.0],"rotation":0,"texture":"#3","tintindex":0},"north":{"uv":[0.0,16.0,15.74603,0.0],"rotation":0,"texture":"#3","tintindex":0},"west":{"uv":[0.0,16.0,15.74603,0.0],"rotation":0,"texture":"#3","tintindex":0},"up":{"uv":[0.0,16.0,15.74603,0.0],"rotation":0,"texture":"#3","tintindex":0},"down":{"uv":[0.0,16.0,15.74603,0.0],"rotation":0,"texture":"#3","tintindex":0}}},{"from":[7.258297,10.056028,7.7413716],"to":[7.3883486,10.4252405,8.417588],"rotation":{"angle":-22.5,"axis":"z","origin":[7.929297,9.473177,8.058051]},"faces":{"east":{"uv":[0.0,16.0,15.74603,0.0],"rotation":0,"texture":"#3","tintindex":0},"south":{"uv":[0.0,16.0,15.74603,0.0],"rotation":0,"texture":"#3","tintindex":0},"north":{"uv":[0.0,16.0,15.74603,0.0],"rotation":0,"texture":"#3","tintindex":0},"west":{"uv":[0.0,16.0,15.74603,0.0],"rotation":0,"texture":"#3","tintindex":0},"up":{"uv":[0.0,16.0,15.74603,0.0],"rotation":0,"texture":"#3","tintindex":0},"down":{"uv":[0.0,16.0,15.74603,0.0],"rotation":0,"texture":"#3","tintindex":0}}},{"from":[7.033497,9.866943,7.722514],"to":[7.25784,10.198441,8.393589],"rotation":{"angle":-45.0,"axis":"z","origin":[7.353097,9.542406,8.058051]},"faces":{"east":{"uv":[16.0,3.30159,6.73016,16.0],"rotation":0,"texture":"#3","tintindex":0},"south":{"uv":[16.0,3.30159,6.73016,16.0],"rotation":0,"texture":"#3","tintindex":0},"north":{"uv":[16.0,3.30159,6.73016,16.0],"rotation":0,"texture":"#3","tintindex":0},"west":{"uv":[16.0,3.30159,6.73016,16.0],"rotation":0,"texture":"#3","tintindex":0},"up":{"uv":[16.0,3.30159,6.73016,16.0],"rotation":0,"texture":"#3","tintindex":0},"down":{"uv":[16.0,3.30159,6.73016,16.0],"rotation":0,"texture":"#3","tintindex":0}}},{"from":[7.14664,9.6218,7.6848],"to":[7.3709826,9.953298,8.431303],"rotation":{"angle":-45.0,"axis":"z","origin":[7.353097,9.542406,8.058051]},"faces":{"east":{"uv":[16.0,3.30159,6.73016,16.0],"rotation":0,"texture":"#3","tintindex":0},"south":{"uv":[16.0,3.30159,6.73016,16.0],"rotation":0,"texture":"#3","tintindex":0},"north":{"uv":[16.0,3.30159,6.73016,16.0],"rotation":0,"texture":"#3","tintindex":0},"west":{"uv":[16.0,3.30159,6.73016,16.0],"rotation":0,"texture":"#3","tintindex":0},"up":{"uv":[16.0,3.30159,6.73016,16.0],"rotation":0,"texture":"#3","tintindex":0},"down":{"uv":[16.0,3.30159,6.73016,16.0],"rotation":0,"texture":"#3","tintindex":0}}},{"from":[7.240926,9.3766575,7.722514],"to":[7.4652686,9.708155,8.407874],"rotation":{"angle":-45.0,"axis":"z","origin":[7.353097,9.542406,8.058051]},"faces":{"east":{"uv":[16.0,3.30159,6.73016,16.0],"rotation":0,"texture":"#3","tintindex":0},"south":{"uv":[16.0,3.30159,6.73016,16.0],"rotation":0,"texture":"#3","tintindex":0},"north":{"uv":[16.0,3.30159,6.73016,16.0],"rotation":0,"texture":"#3","tintindex":0},"west":{"uv":[16.0,3.30159,6.73016,16.0],"rotation":0,"texture":"#3","tintindex":0},"up":{"uv":[16.0,3.30159,6.73016,16.0],"rotation":0,"texture":"#3","tintindex":0},"down":{"uv":[16.0,3.30159,6.73016,16.0],"rotation":0,"texture":"#3","tintindex":0}}},{"from":[7.650977,8.74104,7.7602286],"to":[8.177034,11.052537,8.393589],"rotation":{"angle":-22.5,"axis":"z","origin":[7.9140058,10.453074,8.058051]},"faces":{"east":{"uv":[13.20635,15.74603,16.0,8.0],"rotation":0,"texture":"#7","tintindex":0},"south":{"uv":[13.20635,15.74603,16.0,8.0],"rotation":0,"texture":"#7","tintindex":0},"north":{"uv":[13.20635,15.74603,16.0,8.0],"rotation":0,"texture":"#7","tintindex":0},"west":{"uv":[13.20635,15.74603,16.0,8.0],"rotation":0,"texture":"#7","tintindex":0},"up":{"uv":[13.20635,15.74603,16.0,8.0],"rotation":0,"texture":"#7","tintindex":0},"down":{"uv":[13.20635,15.74603,16.0,8.0],"rotation":0,"texture":"#7","tintindex":0}}},{"from":[7.258297,9.049743,7.7413716],"to":[7.482634,9.312669,8.403303],"rotation":{"angle":-22.5,"axis":"z","origin":[7.929297,9.473177,8.058051]},"faces":{"east":{"uv":[0.0,16.0,15.74603,0.0],"rotation":0,"texture":"#3","tintindex":0},"south":{"uv":[0.0,16.0,15.74603,0.0],"rotation":0,"texture":"#3","tintindex":0},"north":{"uv":[0.0,16.0,15.74603,0.0],"rotation":0,"texture":"#3","tintindex":0},"west":{"uv":[0.0,16.0,15.74603,0.0],"rotation":0,"texture":"#3","tintindex":0},"up":{"uv":[0.0,16.0,15.74603,0.0],"rotation":0,"texture":"#3","tintindex":0},"down":{"uv":[0.0,16.0,15.74603,0.0],"rotation":0,"texture":"#3","tintindex":0}}},{"from":[7.258297,9.553743,7.7413716],"to":[7.3883486,9.850383,8.374731],"rotation":{"angle":-22.5,"axis":"z","origin":[7.929297,9.473177,8.058051]},"faces":{"east":{"uv":[16.0,3.1746,0.0,16.0],"rotation":0,"texture":"#6","tintindex":0},"south":{"uv":[16.0,3.1746,0.0,16.0],"rotation":0,"texture":"#6","tintindex":0},"north":{"uv":[16.0,3.1746,0.0,16.0],"rotation":0,"texture":"#6","tintindex":0},"west":{"uv":[16.0,3.1746,0.0,16.0],"rotation":0,"texture":"#6","tintindex":0},"up":{"uv":[16.0,3.1746,0.0,16.0],"rotation":0,"texture":"#6","tintindex":0},"down":{"uv":[16.0,3.1746,0.0,16.0],"rotation":0,"texture":"#6","tintindex":0}}},{"from":[7.258297,9.210886,7.7413716],"to":[7.3883486,9.507525,8.374731],"rotation":{"angle":-22.5,"axis":"z","origin":[7.929297,9.473177,8.058051]},"faces":{"east":{"uv":[16.0,3.1746,0.0,16.0],"rotation":0,"texture":"#6","tintindex":0},"south":{"uv":[16.0,3.1746,0.0,16.0],"rotation":0,"texture":"#6","tintindex":0},"north":{"uv":[16.0,3.1746,0.0,16.0],"rotation":0,"texture":"#6","tintindex":0},"west":{"uv":[16.0,3.1746,0.0,16.0],"rotation":0,"texture":"#6","tintindex":0},"up":{"uv":[16.0,3.1746,0.0,16.0],"rotation":0,"texture":"#6","tintindex":0},"down":{"uv":[16.0,3.1746,0.0,16.0],"rotation":0,"texture":"#6",