{"textures":{"0":"modelengine:entity/dragnute"},"elements":[{"from":[6.1539807,7.781731,7.4938226],"to":[7.2815123,8.180725,8.835971],"rotation":{"angle":-22.5,"axis":"z","origin":[7.4959807,5.145171,8.127183]},"faces":{"east":{"uv":[12.0,4.0,15.714285,1.5873024],"rotation":0,"texture":"#0","tintindex":0},"south":{"uv":[12.0,4.0,15.714285,1.5873024],"rotation":0,"texture":"#0","tintindex":0},"north":{"uv":[12.0,4.0,15.714285,1.5873024],"rotation":0,"texture":"#0","tintindex":0},"west":{"uv":[12.0,4.0,15.714285,1.5873024],"rotation":0,"texture":"#0","tintindex":0},"up":{"uv":[12.0,4.0,15.714285,1.5873024],"rotation":0,"texture":"#0","tintindex":0},"down":{"uv":[12.0,4.0,15.714285,1.5873024],"rotation":0,"texture":"#0","tintindex":0}}},{"from":[6.1539807,7.4800167,7.4938226],"to":[6.9797983,7.8035827,8.835971],"rotation":{"angle":-22.5,"axis":"z","origin":[7.4959807,5.145171,8.127183]},"faces":{"east":{"uv":[12.0,4.0,15.714285,1.5873024],"rotation":0,"texture":"#0","tintindex":0},"south":{"uv":[12.0,4.0,15.714285,1.5873024],"rotation":0,"texture":"#0","tintindex":0},"north":{"uv":[12.0,4.0,15.714285,1.5873024],"rotation":0,"texture":"#0","tintindex":0},"west":{"uv":[12.0,4.0,15.714285,1.5873024],"rotation":0,"texture":"#0","tintindex":0},"up":{"uv":[12.0,4.0,15.714285,1.5873024],"rotation":0,"texture":"#0","tintindex":0},"down":{"uv":[12.0,4.0,15.714285,1.5873024],"rotation":0,"texture":"#0","tintindex":0}}},{"from":[6.1539807,7.0274453,7.4938226],"to":[6.6026554,7.5018682,8.835971],"rotation":{"angle":-22.5,"axis":"z","origin":[7.4959807,5.145171,8.127183]},"faces":{"east":{"uv":[12.0,4.0,15.714285,1.5873024],"rotation":0,"texture":"#0","tintindex":0},"south":{"uv":[12.0,4.0,15.714285,1.5873024],"rotation":0,"texture":"#0","tintindex":0},"north":{"uv":[12.0,4.0,15.714285,1.5873024],"rotation":0,"texture":"#0","tintindex":0},"west":{"uv":[12.0,4.0,15.714285,1.5873024],"rotation":0,"texture":"#0","tintindex":0},"up":{"uv":[12.0,4.0,15.714285,1.5873024],"rotation":0,"texture":"#0","tintindex":0},"down":{"uv":[12.0,4.0,15.714285,1.5873024],"rotation":0,"texture":"#0","tintindex":0}}},{"from":[6.1539807,5.594302,7.4938226],"to":[6.4140835,6.332725,8.835971],"rotation":{"angle":-22.5,"axis":"z","origin":[7.4959807,5.145171,8.127183]},"faces":{"east":{"uv":[12.0,4.0,15.936507,0.0],"rotation":0,"texture":"#0","tintindex":0},"south":{"uv":[12.0,4.0,15.936507,0.0],"rotation":0,"texture":"#0","tintindex":0},"north":{"uv":[12.0,4.0,15.936507,0.0],"rotation":0,"texture":"#0","tintindex":0},"west":{"uv":[12.0,4.0,15.936507,0.0],"rotation":0,"texture":"#0","tintindex":0},"up":{"uv":[12.0,4.0,15.936507,0.0],"rotation":0,"texture":"#0","tintindex":0},"down":{"uv":[12.0,4.0,15.936507,0.0],"rotation":0,"texture":"#0","tintindex":0}}},{"from":[6.1539807,6.310874,7.4938226],"to":[6.4140835,7.049297,8.846257],"rotation":{"angle":-22.5,"axis":"z","origin":[7.4959807,5.145171,8.127183]},"faces":{"east":{"uv":[12.0,4.0,15.936507,0.0],"rotation":0,"texture":"#0","tintindex":0},"south":{"uv":[12.0,4.0,15.936507,0.0],"rotation":0,"texture":"#0","tintindex":0},"north":{"uv":[12.0,4.0,15.936507,0.0],"rotation":0,"texture":"#0","tintindex":0},"west":{"uv":[12.0,4.0,15.936507,0.0],"rotation":0,"texture":"#0","tintindex":0},"up":{"uv":[12.0,4.0,15.936507,0.0],"rotation":0,"texture":"#0","tintindex":0},"down":{"uv":[12.0,4.0,15.936507,0.0],"rotation":0,"texture":"#0","tintindex":0}}},{"from":[5.704381,5.932702,7.456108],"to":[6.1530666,6.5956964,8.798257],"rotation":{"angle":-45.0,"axis":"z","origin":[6.3435807,5.283628,8.127183]},"faces":{"east":{"uv":[16.0,0.8253975,13.68254,4.0],"rotation":0,"texture":"#0","tintindex":0},"south":{"uv":[16.0,0.8253975,13.68254,4.0],"rotation":0,"texture":"#0","tintindex":0},"north":{"uv":[16.0,0.8253975,13.68254,4.0],"rotation":0,"texture":"#0","tintindex":0},"west":{"uv":[16.0,0.8253975,13.68254,4.0],"rotation":0,"texture":"#0","tintindex":0},"up":{"uv":[16.0,0.8253975,13.68254,4.0],"rotation":0,"texture":"#0","tintindex":0},"down":{"uv":[16.0,0.8253975,13.68254,4.0],"rotation":0,"texture":"#0","tintindex":0}}},{"from":[5.9306664,5.442416,7.3806796],"to":[6.3793526,6.105411,8.873686],"rotation":{"angle":-45.0,"axis":"z","origin":[6.3435807,5.283628,8.127183]},"faces":{"east":{"uv":[16.0,0.8253975,13.68254,4.0],"rotation":0,"texture":"#0","tintindex":0},"south":{"uv":[16.0,0.8253975,13.68254,4.0],"rotation":0,"texture":"#0","tintindex":0},"north":{"uv":[16.0,0.8253975,13.68254,4.0],"rotation":0,"texture":"#0","tintindex":0},"west":{"uv":[16.0,0.8253975,13.68254,4.0],"rotation":0,"texture":"#0","tintindex":0},"up":{"uv":[16.0,0.8253975,13.68254,4.0],"rotation":0,"texture":"#0","tintindex":0},"down":{"uv":[16.0,0.8253975,13.68254,4.0],"rotation":0,"texture":"#0","tintindex":0}}},{"from":[6.119238,4.952131,7.456108],"to":[6.5679235,5.615125,8.826828],"rotation":{"angle":-45.0,"axis":"z","origin":[6.3435807,5.283628,8.127183]},"faces":{"east":{"uv":[16.0,0.8253975,13.68254,4.0],"rotation":0,"texture":"#0","tintindex":0},"south":{"uv":[16.0,0.8253975,13.68254,4.0],"rotation":0,"texture":"#0","tintindex":0},"north":{"uv":[16.0,0.8253975,13.68254,4.0],"rotation":0,"texture":"#0","tintindex":0},"west":{"uv":[16.0,0.8253975,13.68254,4.0],"rotation":0,"texture":"#0","tintindex":0},"up":{"uv":[16.0,0.8253975,13.68254,4.0],"rotation":0,"texture":"#0","tintindex":0},"down":{"uv":[16.0,0.8253975,13.68254,4.0],"rotation":0,"texture":"#0","tintindex":0}}},{"from":[6.9393406,3.6808968,7.5315366],"to":[7.991455,8.303891,8.798257],"rotation":{"angle":-22.5,"axis":"z","origin":[7.465398,7.104965,8.127183]},"faces":{"east":{"uv":[15.301587,7.9365077,16.0,6.0],"rotation":0,"texture":"#0","tintindex":0},"south":{"uv":[15.301587,7.9365077,16.0,6.0],"rotation":0,"texture":"#0","tintindex":0},"north":{"uv":[15.301587,7.9365077,16.0,6.0],"rotation":0,"texture":"#0","tintindex":0},"west":{"uv":[15.301587,7.9365077,16.0,6.0],"rotation":0,"texture":"#0","tintindex":0},"up":{"uv":[15.301587,7.9365077,16.0,6.0],"rotation":0,"texture":"#0","tintindex":0},"down":{"uv":[15.301587,7.9365077,16.0,6.0],"rotation":0,"texture":"#0","tintindex":0}}},{"from":[6.1539807,4.2983027,7.4938226],"to":[6.6026554,4.824154,8.817685],"rotation":{"angle":-22.5,"axis":"z","origin":[7.4959807,5.145171,8.127183]},"faces":{"east":{"uv":[12.0,4.0,15.936507,0.0],"rotation":0,"texture":"#0","tintindex":0},"south":{"uv":[12.0,4.0,15.936507,0.0],"rotation":0,"texture":"#0","tintindex":0},"north":{"uv":[12.0,4.0,15.936507,0.0],"rotation":0,"texture":"#0","tintindex":0},"west":{"uv":[12.0,4.0,15.936507,0.0],"rotation":0,"texture":"#0","tintindex":0},"up":{"uv":[12.0,4.0,15.936507,0.0],"rotation":0,"texture":"#0","tintindex":0},"down":{"uv":[12.0,4.0,15.936507,0.0],"rotation":0,"texture":"#0","tintindex":0}}},{"from":[6.1539807,5.306302,7.4938226],"to":[6.4140835,5.8995824,8.760543],"rotation":{"angle":-22.5,"axis":"z","origin":[7.4959807,5.145171,8.127183]},"faces":{"east":{"uv":[12.0,4.79365,8.0,8.0],"rotation":0,"texture":"#0","tintindex":0},"south":{"uv":[12.0,4.79365,8.0,8.0],"rotation":0,"texture":"#0","tintindex":0},"north":{"uv":[12.0,4.79365,8.0,8.0],"rotation":0,"texture":"#0","tintindex":0},"west":{"uv":[12.0,4.79365,8.0,8.0],"rotation":0,"texture":"#0","tintindex":0},"up":{"uv":[12.0,4.79365,8.0,8.0],"rotation":0,"texture":"#0","tintindex":0},"down":{"uv":[12.0,4.79365,8.0,8.0],"rotation":0,"texture":"#0","tintindex":0}}},{"from":[6.1539807,4.620588,7.4938226],"to":[6.4140835,5.213868,8.760543],"rotation":{"angle":-22.5,"axis":"z","origin":[7.4959807,5.145171,8.127183]},"faces":{"east":{"uv":[12.0,4.79365,8.0,8.0],"rotation":0,"texture":"#0","tintindex":0},"south":{"uv":[12.0,4.79365,8.0,8.0],"rotation":0,"texture":"#0","tintindex":0},"north":{"uv":[12.0,4.79365,8.0,8.0],"rotation":0,"texture":"#0","tintindex":0},"west":{"uv":[12.0,4.79365,8.0,8.0],"rotation":0,"texture":"#0","tintindex":0},"up":{"uv":[12.0,4.79365,8.0,8.0],"rotation":0,"texture":"#0","tintindex":0},