{"textures":{"0":"modelengine:entity/dragnute"},"elements":[{"from":[8.322526,2.0614972,6.5313597],"to":[8.431771,2.2156458,7.665783],"rotation":{"angle":22.5,"axis":"y","origin":[8.0,1.7142854,7.428571]},"faces":{"east":{"uv":[4.0,4.0,8.0,4.761905],"rotation":180,"texture":"#0","tintindex":0},"south":{"uv":[4.0,4.0,8.0,4.761905],"rotation":180,"texture":"#0","tintindex":0},"north":{"uv":[4.0,4.0,8.0,4.761905],"rotation":180,"texture":"#0","tintindex":0},"west":{"uv":[4.0,4.0,8.0,4.761905],"rotation":180,"texture":"#0","tintindex":0},"up":{"uv":[4.0,4.0,8.0,4.761905],"rotation":180,"texture":"#0","tintindex":0},"down":{"uv":[4.0,4.0,8.0,4.761905],"rotation":180,"texture":"#0","tintindex":0}}},{"from":[7.2853827,2.0614972,6.7199316],"to":[7.3946285,2.2156458,7.94864],"rotation":{"angle":-45.0,"axis":"y","origin":[8.0,1.7142854,7.428571]},"faces":{"east":{"uv":[4.0,4.0,8.0,4.761905],"rotation":180,"texture":"#0","tintindex":0},"south":{"uv":[4.0,4.0,8.0,4.761905],"rotation":180,"texture":"#0","tintindex":0},"north":{"uv":[4.0,4.0,8.0,4.761905],"rotation":180,"texture":"#0","tintindex":0},"west":{"uv":[4.0,4.0,8.0,4.761905],"rotation":180,"texture":"#0","tintindex":0},"up":{"uv":[4.0,4.0,8.0,4.761905],"rotation":180,"texture":"#0","tintindex":0},"down":{"uv":[4.0,4.0,8.0,4.761905],"rotation":180,"texture":"#0","tintindex":0}}},{"from":[8.322526,1.4014964,7.0970745],"to":[8.431771,2.2156458,7.194354],"rotation":{"angle":-45.0,"axis":"y","origin":[8.094286,1.7142854,7.428571]},"faces":{"east":{"uv":[4.0,4.0,8.0,4.761905],"rotation":180,"texture":"#0","tintindex":0},"south":{"uv":[4.0,4.0,8.0,4.761905],"rotation":180,"texture":"#0","tintindex":0},"north":{"uv":[4.0,4.0,8.0,4.761905],"rotation":180,"texture":"#0","tintindex":0},"west":{"uv":[4.0,4.0,8.0,4.761905],"rotation":180,"texture":"#0","tintindex":0},"up":{"uv":[4.0,4.0,8.0,4.761905],"rotation":180,"texture":"#0","tintindex":0},"down":{"uv":[4.0,4.0,8.0,4.761905],"rotation":180,"texture":"#0","tintindex":0}}},{"from":[7.2939544,1.4014964,7.85136],"to":[7.3796687,2.2156458,7.94864],"rotation":{"angle":-45.0,"axis":"y","origin":[8.0,1.7142854,7.428571]},"faces":{"east":{"uv":[4.0,4.0,8.0,4.761905],"rotation":180,"texture":"#0","tintindex":0},"south":{"uv":[4.0,4.0,8.0,4.761905],"rotation":180,"texture":"#0","tintindex":0},"north":{"uv":[4.0,4.0,8.0,4.761905],"rotation":180,"texture":"#0","tintindex":0},"west":{"uv":[4.0,4.0,8.0,4.761905],"rotation":180,"texture":"#0","tintindex":0},"up":{"uv":[4.0,4.0,8.0,4.761905],"rotation":180,"texture":"#0","tintindex":0},"down":{"uv":[4.0,4.0,8.0,4.761905],"rotation":180,"texture":"#0","tintindex":0}}},{"from":[7.3796687,5.1331882,7.4072113],"to":[8.3432,6.476754,8.4956455],"rotation":{"angle":0.0,"axis":"y","origin":[6.2085714,12.085714,7.9085712]},"faces":{"east":{"uv":[2.285715,2.5714276,2.4126976,2.6666675],"rotation":0,"texture":"#0","tintindex":0},"south":{"uv":[2.285715,2.5714276,2.4126976,2.6666675],"rotation":0,"texture":"#0","tintindex":0},"north":{"uv":[2.285715,2.5714276,2.4126976,2.6666675],"rotation":0,"texture":"#0","tintindex":0},"west":{"uv":[2.285715,2.5714276,2.4126976,2.6666675],"rotation":0,"texture":"#0","tintindex":0},"up":{"uv":[2.285715,2.5714276,2.4126976,2.6666675],"rotation":0,"texture":"#0","tintindex":0},"down":{"uv":[2.285715,2.5714276,2.4126976,2.6666675],"rotation":0,"texture":"#0","tintindex":0}}},{"from":[7.3796687,6.504617,7.4072113],"to":[8.371772,7.3681827,8.529931],"rotation":{"angle":0.0,"axis":"y","origin":[6.2085714,12.085714,7.9085712]},"faces":{"east":{"uv":[12.88889,1.4285725,13.015873,1.52381],"rotation":0,"texture":"#0","tintindex":0},"south":{"uv":[12.88889,1.4285725,13.015873,1.52381],"rotation":0,"texture":"#0","tintindex":0},"north":{"uv":[12.88889,1.4285725,13.015873,1.52381],"rotation":0,"texture":"#0","tintindex":0},"west":{"uv":[12.88889,1.4285725,13.015873,1.52381],"rotation":0,"texture":"#0","tintindex":0},"up":{"uv":[12.88889,1.4285725,13.015873,1.52381],"rotation":0,"texture":"#0","tintindex":0},"down":{"uv":[12.88889,1.4285725,13.015873,1.52381],"rotation":0,"texture":"#0","tintindex":0}}},{"from":[7.3796687,3.00448,7.57864],"to":[8.337485,4.382331,8.427074],"rotation":{"angle":0.0,"axis":"y","origin":[6.2085714,12.117006,7.805714]},"faces":{"east":{"uv":[2.31746,2.63492,2.4126976,2.5714276],"rotation":0,"texture":"#0","tintindex":0},"south":{"uv":[2.31746,2.63492,2.4126976,2.5714276],"rotation":0,"texture":"#0","tintindex":0},"north":{"uv":[2.31746,2.63492,2.4126976,2.5714276],"rotation":0,"texture":"#0","tintindex":0},"west":{"uv":[2.31746,2.63492,2.4126976,2.5714276],"rotation":0,"texture":"#0","tintindex":0},"up":{"uv":[2.31746,2.63492,2.4126976,2.5714276],"rotation":0,"texture":"#0","tintindex":0},"down":{"uv":[2.31746,2.63492,2.4126976,2.5714276],"rotation":0,"texture":"#0","tintindex":0}}},{"from":[7.3796687,2.150331,7.57864],"to":[8.337485,3.013897,8.427074],"rotation":{"angle":0.0,"axis":"y","origin":[6.2085714,12.085714,7.805714]},"faces":{"east":{"uv":[8.0,8.0,12.0,4.0],"rotation":0,"texture":"#0","tintindex":0},"south":{"uv":[8.0,8.0,12.0,4.0],"rotation":0,"texture":"#0","tintindex":0},"north":{"uv":[8.0,8.0,12.0,4.0],"rotation":0,"texture":"#0","tintindex":0},"west":{"uv":[8.0,8.0,12.0,4.0],"rotation":0,"texture":"#0","tintindex":0},"up":{"uv":[8.0,8.0,12.0,4.0],"rotation":0,"texture":"#0","tintindex":0},"down":{"uv":[8.0,8.0,12.0,4.0],"rotation":0,"texture":"#0","tintindex":0}}},{"from":[7.353646,2.1377597,7.3885145],"to":[7.8687544,5.4272795,8.485657],"rotation":{"angle":0.0,"axis":"y","origin":[7.1851087,11.504011,7.7715883]},"faces":{"east":{"uv":[16.0,7.555555,14.09375,8.0],"rotation":270,"texture":"#0","tintindex":0},"south":{"uv":[16.0,7.555555,14.09375,8.0],"rotation":270,"texture":"#0","tintindex":0},"north":{"uv":[16.0,7.555555,14.09375,8.0],"rotation":270,"texture":"#0","tintindex":0},"west":{"uv":[16.0,7.555555,14.09375,8.0],"rotation":270,"texture":"#0","tintindex":0},"up":{"uv":[16.0,7.555555,14.09375,8.0],"rotation":270,"texture":"#0","tintindex":0},"down":{"uv":[16.0,7.555555,14.09375,8.0],"rotation":270,"texture":"#0","tintindex":0}}},{"from":[7.8679314,2.1377597,7.3885145],"to":[8.354468,5.4272795,8.485657],"rotation":{"angle":0.0,"axis":"y","origin":[7.1851087,11.504011,7.7715883]},"faces":{"east":{"uv":[16.0,7.4920626,14.09375,8.0],"rotation":270,"texture":"#0","tintindex":0},"south":{"uv":[16.0,7.4920626,14.09375,8.0],"rotation":270,"texture":"#0","tintindex":0},"north":{"uv":[16.0,7.4920626,14.09375,8.0],"rotation":270,"texture":"#0","tintindex":0},"west":{"uv":[16.0,7.4920626,14.09375,8.0],"rotation":270,"texture":"#0","tintindex":0},"up":{"uv":[16.0,7.4920626,14.09375,8.0],"rotation":270,"texture":"#0","tintindex":0},"down":{"uv":[16.0,7.4920626,14.09375,8.0],"rotation":270,"texture":"#0","tintindex":0}}},{"from":[7.2853827,1.6731315,6.3996115],"to":[8.3032,1.9680686,7.638503],"rotation":{"angle":0.0,"axis":"y","origin":[6.2085714,12.085714,7.805714]},"faces":{"east":{"uv":[15.84127,7.4920626,15.714285,7.714285],"rotation":0,"texture":"#0","tintindex":0},"south":{"uv":[15.84127,7.4920626,15.714285,7.714285],"rotation":0,"texture":"#0","tintindex":0},"north":{"uv":[15.84127,7.4920626,15.714285,7.714285],"rotation":0,"texture":"#0","tintindex":0},"west":{"uv":[15.84127,7.4920626,15.714285,7.714285],"rotation":0,"texture":"#0","tintindex":0},"up":{"uv":[15.84127,7.4920626,15.714285,7.714285],"rotation":0,"texture":"#0","tintindex":0},"down":{"uv":[15.84127,7.4920626,15.714285,7.714285],"rotation":0,"texture":"#0","tintindex":0}}},{"from":[7.2853827,1.767417,6.6443543],"to":[8.337485,2.328731,7.1133714],"rotation":{"angle":-22.5,"axis":"x","origin":[7.8114285,1.5331998,7.428571]},"faces":{"east":{"uv":[15.84127,7.4920626,15.714285,7.714285],"rotation":0,"texture":"#0","tintindex":0},"south":{"uv":[15.84127,7.4920626,15.714285,7.714285],"rotation":0,"texture":"#0","tintindex":0},"north":{"uv":[15.84127,7.4920626,15.714285,7.714285],"rotation":0,"texture":"#0",