{"textures":{"0":"modelengine:entity/dragnute"},"elements":[{"from":[4.719985,6.3577733,7.998605],"to":[5.278019,9.076025,8.076376],"rotation":{"angle":45.0,"axis":"z","origin":[9.518179,6.067682,7.425005]},"faces":{"east":{"uv":[6.12996,4.0,6.0634923,4.07619],"rotation":0,"texture":"#0","tintindex":0},"south":{"uv":[6.12996,4.0,6.0634923,4.07619],"rotation":0,"texture":"#0","tintindex":0},"north":{"uv":[6.12996,4.0,6.0634923,4.07619],"rotation":0,"texture":"#0","tintindex":0},"west":{"uv":[6.12996,4.0,6.0634923,4.07619],"rotation":0,"texture":"#0","tintindex":0},"up":{"uv":[6.12996,4.0,6.0634923,4.07619],"rotation":0,"texture":"#0","tintindex":0},"down":{"uv":[6.12996,4.0,6.0634923,4.07619],"rotation":0,"texture":"#0","tintindex":0}}},{"from":[6.4530363,-0.9303417,7.998605],"to":[6.7660766,1.6818299,8.076376],"rotation":{"angle":-22.5,"axis":"z","origin":[9.890568,6.7413845,7.4473705]},"faces":{"east":{"uv":[6.12996,4.0,6.0634923,4.07619],"rotation":0,"texture":"#0","tintindex":0},"south":{"uv":[6.12996,4.0,6.0634923,4.07619],"rotation":0,"texture":"#0","tintindex":0},"north":{"uv":[6.12996,4.0,6.0634923,4.07619],"rotation":0,"texture":"#0","tintindex":0},"west":{"uv":[6.12996,4.0,6.0634923,4.07619],"rotation":0,"texture":"#0","tintindex":0},"up":{"uv":[6.12996,4.0,6.0634923,4.07619],"rotation":0,"texture":"#0","tintindex":0},"down":{"uv":[6.12996,4.0,6.0634923,4.07619],"rotation":0,"texture":"#0","tintindex":0}}},{"from":[5.9681106,-0.45159817,7.998605],"to":[6.281151,3.001624,8.076376],"rotation":{"angle":-22.5,"axis":"z","origin":[9.518179,6.067682,7.425005]},"faces":{"east":{"uv":[6.12996,4.0,6.0634923,4.07619],"rotation":0,"texture":"#0","tintindex":0},"south":{"uv":[6.12996,4.0,6.0634923,4.07619],"rotation":0,"texture":"#0","tintindex":0},"north":{"uv":[6.12996,4.0,6.0634923,4.07619],"rotation":0,"texture":"#0","tintindex":0},"west":{"uv":[6.12996,4.0,6.0634923,4.07619],"rotation":0,"texture":"#0","tintindex":0},"up":{"uv":[6.12996,4.0,6.0634923,4.07619],"rotation":0,"texture":"#0","tintindex":0},"down":{"uv":[6.12996,4.0,6.0634923,4.07619],"rotation":0,"texture":"#0","tintindex":0}}},{"from":[3.9552765,3.1172128,7.998605],"to":[6.228259,6.570436,8.076376],"rotation":{"angle":0.0,"axis":"y","origin":[9.518179,6.067682,7.425005]},"faces":{"east":{"uv":[6.12996,4.0,6.0634923,4.07619],"rotation":0,"texture":"#0","tintindex":0},"south":{"uv":[6.12996,4.0,6.0634923,4.07619],"rotation":0,"texture":"#0","tintindex":0},"north":{"uv":[6.12996,4.0,6.0634923,4.07619],"rotation":0,"texture":"#0","tintindex":0},"west":{"uv":[6.12996,4.0,6.0634923,4.07619],"rotation":0,"texture":"#0","tintindex":0},"up":{"uv":[6.12996,4.0,6.0634923,4.07619],"rotation":0,"texture":"#0","tintindex":0},"down":{"uv":[6.12996,4.0,6.0634923,4.07619],"rotation":0,"texture":"#0","tintindex":0}}},{"from":[3.814785,2.0812817,7.998605],"to":[4.560671,5.044516,8.076376],"rotation":{"angle":0.0,"axis":"y","origin":[9.518179,6.067682,7.425005]},"faces":{"east":{"uv":[6.12996,4.0,6.0634923,4.07619],"rotation":0,"texture":"#0","tintindex":0},"south":{"uv":[6.12996,4.0,6.0634923,4.07619],"rotation":0,"texture":"#0","tintindex":0},"north":{"uv":[6.12996,4.0,6.0634923,4.07619],"rotation":0,"texture":"#0","tintindex":0},"west":{"uv":[6.12996,4.0,6.0634923,4.07619],"rotation":0,"texture":"#0","tintindex":0},"up":{"uv":[6.12996,4.0,6.0634923,4.07619],"rotation":0,"texture":"#0","tintindex":0},"down":{"uv":[6.12996,4.0,6.0634923,4.07619],"rotation":0,"texture":"#0","tintindex":0}}},{"from":[3.7576418,0.9384246,7.998605],"to":[4.046385,2.1873732,8.076376],"rotation":{"angle":0.0,"axis":"y","origin":[9.461037,3.2105389,7.425005]},"faces":{"east":{"uv":[6.12996,4.0,6.0634923,4.07619],"rotation":0,"texture":"#0","tintindex":0},"south":{"uv":[6.12996,4.0,6.0634923,4.07619],"rotation":0,"texture":"#0","tintindex":0},"north":{"uv":[6.12996,4.0,6.0634923,4.07619],"rotation":0,"texture":"#0","tintindex":0},"west":{"uv":[6.12996,4.0,6.0634923,4.07619],"rotation":0,"texture":"#0","tintindex":0},"up":{"uv":[6.12996,4.0,6.0634923,4.07619],"rotation":0,"texture":"#0","tintindex":0},"down":{"uv":[6.12996,4.0,6.0634923,4.07619],"rotation":0,"texture":"#0","tintindex":0}}},{"from":[8.038122,-0.4649124,7.998605],"to":[8.596156,2.7433157,8.076376],"rotation":{"angle":-45.0,"axis":"z","origin":[9.518179,6.067682,7.425005]},"faces":{"east":{"uv":[6.12996,4.0,6.0634923,4.07619],"rotation":0,"texture":"#0","tintindex":0},"south":{"uv":[6.12996,4.0,6.0634923,4.07619],"rotation":0,"texture":"#0","tintindex":0},"north":{"uv":[6.12996,4.0,6.0634923,4.07619],"rotation":0,"texture":"#0","tintindex":0},"west":{"uv":[6.12996,4.0,6.0634923,4.07619],"rotation":0,"texture":"#0","tintindex":0},"up":{"uv":[6.12996,4.0,6.0634923,4.07619],"rotation":0,"texture":"#0","tintindex":0},"down":{"uv":[6.12996,4.0,6.0634923,4.07619],"rotation":0,"texture":"#0","tintindex":0}}},{"from":[6.522259,1.91471,7.998605],"to":[7.6480536,5.167659,8.076376],"rotation":{"angle":-22.5,"axis":"z","origin":[9.518179,6.067682,7.425005]},"faces":{"east":{"uv":[6.0634923,4.07619,6.12996,4.0],"rotation":270,"texture":"#0","tintindex":0},"south":{"uv":[6.0634923,4.07619,6.12996,4.0],"rotation":270,"texture":"#0","tintindex":0},"north":{"uv":[6.0634923,4.07619,6.12996,4.0],"rotation":270,"texture":"#0","tintindex":0},"west":{"uv":[6.0634923,4.07619,6.12996,4.0],"rotation":270,"texture":"#0","tintindex":0},"up":{"uv":[6.0634923,4.07619,6.12996,4.0],"rotation":270,"texture":"#0","tintindex":0},"down":{"uv":[6.0634923,4.07619,6.12996,4.0],"rotation":270,"texture":"#0","tintindex":0}}},{"from":[6.346865,5.5418644,7.998605],"to":[7.4726706,8.304825,8.076376],"rotation":{"angle":0.0,"axis":"y","origin":[9.518179,6.067682,7.425005]},"faces":{"east":{"uv":[6.0634923,4.07619,6.12996,4.0],"rotation":270,"texture":"#0","tintindex":0},"south":{"uv":[6.0634923,4.07619,6.12996,4.0],"rotation":270,"texture":"#0","tintindex":0},"north":{"uv":[6.0634923,4.07619,6.12996,4.0],"rotation":270,"texture":"#0","tintindex":0},"west":{"uv":[6.0634923,4.07619,6.12996,4.0],"rotation":270,"texture":"#0","tintindex":0},"up":{"uv":[6.0634923,4.07619,6.12996,4.0],"rotation":270,"texture":"#0","tintindex":0},"down":{"uv":[6.0634923,4.07619,6.12996,4.0],"rotation":270,"texture":"#0","tintindex":0}}},{"from":[6.346865,5.0549273,7.998605],"to":[7.472248,5.7226877,8.076376],"rotation":{"angle":0.0,"axis":"y","origin":[9.518179,6.067682,7.425005]},"faces":{"east":{"uv":[6.0634923,4.07619,6.12996,4.0],"rotation":270,"texture":"#0","tintindex":0},"south":{"uv":[6.0634923,4.07619,6.12996,4.0],"rotation":270,"texture":"#0","tintindex":0},"north":{"uv":[6.0634923,4.07619,6.12996,4.0],"rotation":270,"texture":"#0","tintindex":0},"west":{"uv":[6.0634923,4.07619,6.12996,4.0],"rotation":270,"texture":"#0","tintindex":0},"up":{"uv":[6.0634923,4.07619,6.12996,4.0],"rotation":270,"texture":"#0","tintindex":0},"down":{"uv":[6.0634923,4.07619,6.12996,4.0],"rotation":270,"texture":"#0","tintindex":0}}},{"from":[6.264842,4.022722,7.998605],"to":[7.3906364,6.2467675,8.076376],"rotation":{"angle":-45.0,"axis":"z","origin":[9.518179,6.067682,7.425005]},"faces":{"east":{"uv":[6.0634923,4.07619,6.12996,4.0],"rotation":270,"texture":"#0","tintindex":0},"south":{"uv":[6.0634923,4.07619,6.12996,4.0],"rotation":270,"texture":"#0","tintindex":0},"north":{"uv":[6.0634923,4.07619,6.12996,4.0],"rotation":270,"texture":"#0","tintindex":0},"west":{"uv":[6.0634923,4.07619,6.12996,4.0],"rotation":270,"texture":"#0","tintindex":0},"up":{"uv":[6.0634923,4.07619,6.12996,4.0],"rotation":270,"texture":"#0","tintindex":0},"down":{"uv":[6.0634923,4.07619,6.12996,4.0],"rotation":270,"texture":"#0","tintindex":0}}},{"from":[6.1602135,9.638665,7.998605],"to":[7.575722,10.764471,8.076376],"rotation":{"angle":0.0,"axis":"y","origin":[9.518179,6.067682,7.425005]},"faces":{"east":{"uv":[6.12996,4.0,6.0634923,4.07619],"rotation":0,"texture":"#0","tintindex":0},"south":{"uv":[6.12996,4.0,6.0634923,4.07619],"rotation":0,"texture":"#0",