{"textures":{"3":"modelengine:entity/coal_block","6":"modelengine:entity/red_nether_bricks","7":"modelengine:entity/black_glazed_terracotta"},"elements":[{"from":[9.7972,7.6774573,7.7900114],"to":[10.357229,8.084383,8.423371],"rotation":{"angle":22.5,"axis":"z","origin":[9.688771,8.640891,8.106691]},"faces":{"east":{"uv":[0.0,16.0,15.74603,0.0],"rotation":0,"texture":"#3","tintindex":0},"south":{"uv":[0.0,16.0,15.74603,0.0],"rotation":0,"texture":"#3","tintindex":0},"north":{"uv":[0.0,16.0,15.74603,0.0],"rotation":0,"texture":"#3","tintindex":0},"west":{"uv":[0.0,16.0,15.74603,0.0],"rotation":0,"texture":"#3","tintindex":0},"up":{"uv":[0.0,16.0,15.74603,0.0],"rotation":0,"texture":"#3","tintindex":0},"down":{"uv":[0.0,16.0,15.74603,0.0],"rotation":0,"texture":"#3","tintindex":0}}},{"from":[9.948057,8.073457,7.7900114],"to":[10.357229,8.254097,8.423371],"rotation":{"angle":22.5,"axis":"z","origin":[9.688771,8.640891,8.106691]},"faces":{"east":{"uv":[0.0,16.0,13.07937,7.74603],"rotation":0,"texture":"#3","tintindex":0},"south":{"uv":[0.0,16.0,13.07937,7.74603],"rotation":0,"texture":"#3","tintindex":0},"north":{"uv":[0.0,16.0,13.07937,7.74603],"rotation":0,"texture":"#3","tintindex":0},"west":{"uv":[0.0,16.0,13.07937,7.74603],"rotation":0,"texture":"#3","tintindex":0},"up":{"uv":[0.0,16.0,13.07937,7.74603],"rotation":0,"texture":"#3","tintindex":0},"down":{"uv":[0.0,16.0,13.07937,7.74603],"rotation":0,"texture":"#3","tintindex":0}}},{"from":[10.243263,7.7857885,7.8088684],"to":[10.750458,10.097286,8.404514],"rotation":{"angle":22.5,"axis":"z","origin":[9.865149,7.560251,8.106691]},"faces":{"east":{"uv":[16.0,15.74603,13.20635,8.25397],"rotation":0,"texture":"#7","tintindex":0},"south":{"uv":[16.0,15.74603,13.20635,8.25397],"rotation":0,"texture":"#7","tintindex":0},"north":{"uv":[16.0,15.74603,13.20635,8.25397],"rotation":0,"texture":"#7","tintindex":0},"west":{"uv":[16.0,15.74603,13.20635,8.25397],"rotation":0,"texture":"#7","tintindex":0},"up":{"uv":[16.0,15.74603,13.20635,8.25397],"rotation":0,"texture":"#7","tintindex":0},"down":{"uv":[16.0,15.74603,13.20635,8.25397],"rotation":0,"texture":"#7","tintindex":0}}},{"from":[8.576709,5.5512514,7.7711544],"to":[8.801045,5.8827486,8.442228],"rotation":{"angle":45.0,"axis":"z","origin":[5.7754455,9.130143,8.106691]},"faces":{"east":{"uv":[7.11111,16.0,16.0,6.98413],"rotation":0,"texture":"#3","tintindex":0},"south":{"uv":[7.11111,16.0,16.0,6.98413],"rotation":0,"texture":"#3","tintindex":0},"north":{"uv":[7.11111,16.0,16.0,6.98413],"rotation":0,"texture":"#3","tintindex":0},"west":{"uv":[7.11111,16.0,16.0,6.98413],"rotation":0,"texture":"#3","tintindex":0},"up":{"uv":[7.11111,16.0,16.0,6.98413],"rotation":0,"texture":"#3","tintindex":0},"down":{"uv":[7.11111,16.0,16.0,6.98413],"rotation":0,"texture":"#3","tintindex":0}}},{"from":[10.098914,8.224315,7.7900114],"to":[10.357229,8.536954,8.423371],"rotation":{"angle":22.5,"axis":"z","origin":[9.688771,8.640891,8.106691]},"faces":{"east":{"uv":[0.0,16.0,15.74603,0.0],"rotation":0,"texture":"#3","tintindex":0},"south":{"uv":[0.0,16.0,15.74603,0.0],"rotation":0,"texture":"#3","tintindex":0},"north":{"uv":[0.0,16.0,15.74603,0.0],"rotation":0,"texture":"#3","tintindex":0},"west":{"uv":[0.0,16.0,15.74603,0.0],"rotation":0,"texture":"#3","tintindex":0},"up":{"uv":[0.0,16.0,15.74603,0.0],"rotation":0,"texture":"#3","tintindex":0},"down":{"uv":[0.0,16.0,15.74603,0.0],"rotation":0,"texture":"#3","tintindex":0}}},{"from":[8.670995,5.7963943,7.73344],"to":[8.895331,6.1278915,8.479943],"rotation":{"angle":45.0,"axis":"z","origin":[5.7754455,9.130143,8.106691]},"faces":{"east":{"uv":[7.11111,16.0,16.0,6.98413],"rotation":0,"texture":"#3","tintindex":0},"south":{"uv":[7.11111,16.0,16.0,6.98413],"rotation":0,"texture":"#3","tintindex":0},"north":{"uv":[7.11111,16.0,16.0,6.98413],"rotation":0,"texture":"#3","tintindex":0},"west":{"uv":[7.11111,16.0,16.0,6.98413],"rotation":0,"texture":"#3","tintindex":0},"up":{"uv":[7.11111,16.0,16.0,6.98413],"rotation":0,"texture":"#3","tintindex":0},"down":{"uv":[7.11111,16.0,16.0,6.98413],"rotation":0,"texture":"#3","tintindex":0}}},{"from":[8.784137,6.0415373,7.7711544],"to":[9.008474,6.3730345,8.442228],"rotation":{"angle":45.0,"axis":"z","origin":[5.7754455,9.130143,8.106691]},"faces":{"east":{"uv":[7.11111,16.0,16.0,6.98413],"rotation":0,"texture":"#3","tintindex":0},"south":{"uv":[7.11111,16.0,16.0,6.98413],"rotation":0,"texture":"#3","tintindex":0},"north":{"uv":[7.11111,16.0,16.0,6.98413],"rotation":0,"texture":"#3","tintindex":0},"west":{"uv":[7.11111,16.0,16.0,6.98413],"rotation":0,"texture":"#3","tintindex":0},"up":{"uv":[7.11111,16.0,16.0,6.98413],"rotation":0,"texture":"#3","tintindex":0},"down":{"uv":[7.11111,16.0,16.0,6.98413],"rotation":0,"texture":"#3","tintindex":0}}},{"from":[10.1932,9.1860285,7.7900114],"to":[10.357229,9.498669,8.423371],"rotation":{"angle":22.5,"axis":"z","origin":[9.688771,8.640891,8.106691]},"faces":{"east":{"uv":[0.0,16.0,15.74603,0.0],"rotation":0,"texture":"#3","tintindex":0},"south":{"uv":[0.0,16.0,15.74603,0.0],"rotation":0,"texture":"#3","tintindex":0},"north":{"uv":[0.0,16.0,15.74603,0.0],"rotation":0,"texture":"#3","tintindex":0},"west":{"uv":[0.0,16.0,15.74603,0.0],"rotation":0,"texture":"#3","tintindex":0},"up":{"uv":[0.0,16.0,15.74603,0.0],"rotation":0,"texture":"#3","tintindex":0},"down":{"uv":[0.0,16.0,15.74603,0.0],"rotation":0,"texture":"#3","tintindex":0}}},{"from":[10.098914,9.487743,7.7900114],"to":[10.357229,9.800383,8.423371],"rotation":{"angle":22.5,"axis":"z","origin":[9.688771,8.640891,8.106691]},"faces":{"east":{"uv":[0.0,16.0,14.85714,6.34921],"rotation":0,"texture":"#3","tintindex":0},"south":{"uv":[0.0,16.0,14.85714,6.34921],"rotation":0,"texture":"#3","tintindex":0},"north":{"uv":[0.0,16.0,14.85714,6.34921],"rotation":0,"texture":"#3","tintindex":0},"west":{"uv":[0.0,16.0,14.85714,6.34921],"rotation":0,"texture":"#3","tintindex":0},"up":{"uv":[0.0,16.0,14.85714,6.34921],"rotation":0,"texture":"#3","tintindex":0},"down":{"uv":[0.0,16.0,14.85714,6.34921],"rotation":0,"texture":"#3","tintindex":0}}},{"from":[9.948057,9.789457,7.7900114],"to":[10.357229,9.951241,8.423371],"rotation":{"angle":22.5,"axis":"z","origin":[9.688771,8.640891,8.106691]},"faces":{"east":{"uv":[0.0,16.0,14.85714,6.34921],"rotation":0,"texture":"#3","tintindex":0},"south":{"uv":[0.0,16.0,14.85714,6.34921],"rotation":0,"texture":"#3","tintindex":0},"north":{"uv":[0.0,16.0,14.85714,6.34921],"rotation":0,"texture":"#3","tintindex":0},"west":{"uv":[0.0,16.0,14.85714,6.34921],"rotation":0,"texture":"#3","tintindex":0},"up":{"uv":[0.0,16.0,14.85714,6.34921],"rotation":0,"texture":"#3","tintindex":0},"down":{"uv":[0.0,16.0,14.85714,6.34921],"rotation":0,"texture":"#3","tintindex":0}}},{"from":[9.7972,9.940314,7.7900114],"to":[10.357229,10.1209545,8.423371],"rotation":{"angle":22.5,"axis":"z","origin":[9.688771,8.640891,8.106691]},"faces":{"east":{"uv":[0.0,16.0,14.85714,6.34921],"rotation":0,"texture":"#3","tintindex":0},"south":{"uv":[0.0,16.0,14.85714,6.34921],"rotation":0,"texture":"#3","tintindex":0},"north":{"uv":[0.0,16.0,14.85714,6.34921],"rotation":0,"texture":"#3","tintindex":0},"west":{"uv":[0.0,16.0,14.85714,6.34921],"rotation":0,"texture":"#3","tintindex":0},"up":{"uv":[0.0,16.0,14.85714,6.34921],"rotation":0,"texture":"#3","tintindex":0},"down":{"uv":[0.0,16.0,14.85714,6.34921],"rotation":0,"texture":"#3","tintindex":0}}},{"from":[10.1932,8.544886,7.7900114],"to":[10.357229,8.857526,8.423371],"rotation":{"angle":22.5,"axis":"z","origin":[9.688771,8.640891,8.106691]},"faces":{"east":{"uv":[0.0,0.0,16.0,16.0],"rotation":0,"texture":"#6","tintindex":0},"south":{"uv":[0.0,16.0,15.74603,0.0],"rotation":0,"texture":"#6","tintindex":0},"north":{"uv":[0.0,16.0,15.74603,0.0],"rotation":0,"texture":"#6","tintindex":0},"west":{"uv":[0.0,16.0,15.74603,0.0],"rotation":0,"texture":"#6","tintindex":0},"up":{"uv":[0.0,16.0,15.74603,0.0],"rotation":0,"texture":"#6","tintindex":0},