{"textures":{"0":"modelengine:entity/dragnute"},"elements":[{"from":[7.970857,0.11679983,9.526332],"to":[8.358777,8.107486,9.607851],"rotation":{"angle":0.0,"axis":"y","origin":[8.089382,7.9103427,8.06752]},"faces":{"east":{"uv":[1.84127,1.5873024,1.873015,1.6190475],"rotation":270,"texture":"#0","tintindex":0},"south":{"uv":[1.84127,1.5873024,1.873015,1.6190475],"rotation":270,"texture":"#0","tintindex":0},"north":{"uv":[1.84127,1.5873024,1.873015,1.6190475],"rotation":270,"texture":"#0","tintindex":0},"west":{"uv":[1.84127,1.5873024,1.873015,1.6190475],"rotation":270,"texture":"#0","tintindex":0},"up":{"uv":[1.84127,1.5873024,1.873015,1.6190475],"rotation":270,"texture":"#0","tintindex":0},"down":{"uv":[1.84127,1.5873024,1.873015,1.6190475],"rotation":270,"texture":"#0","tintindex":0}}},{"from":[7.763428,0.39965677,9.526332],"to":[8.000491,8.107486,9.607851],"rotation":{"angle":0.0,"axis":"y","origin":[8.089382,7.9103427,8.06752]},"faces":{"east":{"uv":[1.84127,1.5873024,1.873015,1.6190475],"rotation":270,"texture":"#0","tintindex":0},"south":{"uv":[1.84127,1.5873024,1.873015,1.6190475],"rotation":270,"texture":"#0","tintindex":0},"north":{"uv":[1.84127,1.5873024,1.873015,1.6190475],"rotation":270,"texture":"#0","tintindex":0},"west":{"uv":[1.84127,1.5873024,1.873015,1.6190475],"rotation":270,"texture":"#0","tintindex":0},"up":{"uv":[1.84127,1.5873024,1.873015,1.6190475],"rotation":270,"texture":"#0","tintindex":0},"down":{"uv":[1.84127,1.5873024,1.873015,1.6190475],"rotation":270,"texture":"#0","tintindex":0}}},{"from":[7.5371428,0.87108517,9.526332],"to":[7.7742057,8.107486,9.607851],"rotation":{"angle":0.0,"axis":"y","origin":[8.089382,7.9103427,8.06752]},"faces":{"east":{"uv":[1.84127,1.5873024,1.873015,1.6190475],"rotation":270,"texture":"#0","tintindex":0},"south":{"uv":[1.84127,1.5873024,1.873015,1.6190475],"rotation":270,"texture":"#0","tintindex":0},"north":{"uv":[1.84127,1.5873024,1.873015,1.6190475],"rotation":270,"texture":"#0","tintindex":0},"west":{"uv":[1.84127,1.5873024,1.873015,1.6190475],"rotation":270,"texture":"#0","tintindex":0},"up":{"uv":[1.84127,1.5873024,1.873015,1.6190475],"rotation":270,"texture":"#0","tintindex":0},"down":{"uv":[1.84127,1.5873024,1.873015,1.6190475],"rotation":270,"texture":"#0","tintindex":0}}},{"from":[7.5371428,0.6825137,9.252046],"to":[7.604491,8.107486,9.607851],"rotation":{"angle":0.0,"axis":"y","origin":[8.089382,7.9103427,8.06752]},"faces":{"east":{"uv":[1.84127,1.5873024,1.873015,1.6190475],"rotation":270,"texture":"#0","tintindex":0},"south":{"uv":[1.84127,1.5873024,1.873015,1.6190475],"rotation":270,"texture":"#0","tintindex":0},"north":{"uv":[1.84127,1.5873024,1.873015,1.6190475],"rotation":270,"texture":"#0","tintindex":0},"west":{"uv":[1.84127,1.5873024,1.873015,1.6190475],"rotation":270,"texture":"#0","tintindex":0},"up":{"uv":[1.84127,1.5873024,1.873015,1.6190475],"rotation":270,"texture":"#0","tintindex":0},"down":{"uv":[1.84127,1.5873024,1.873015,1.6190475],"rotation":270,"texture":"#0","tintindex":0}}},{"from":[7.5371428,0.87108517,9.054903],"to":[7.604491,7.8246284,9.324994],"rotation":{"angle":0.0,"axis":"y","origin":[8.089382,7.9103427,8.06752]},"faces":{"east":{"uv":[1.84127,1.5873024,1.873015,1.6190475],"rotation":270,"texture":"#0","tintindex":0},"south":{"uv":[1.84127,1.5873024,1.873015,1.6190475],"rotation":270,"texture":"#0","tintindex":0},"north":{"uv":[1.84127,1.5873024,1.873015,1.6190475],"rotation":270,"texture":"#0","tintindex":0},"west":{"uv":[1.84127,1.5873024,1.873015,1.6190475],"rotation":270,"texture":"#0","tintindex":0},"up":{"uv":[1.84127,1.5873024,1.873015,1.6190475],"rotation":270,"texture":"#0","tintindex":0},"down":{"uv":[1.84127,1.5873024,1.873015,1.6190475],"rotation":270,"texture":"#0","tintindex":0}}},{"from":[7.5371428,1.0596566,8.866331],"to":[7.604491,7.447486,9.136423],"rotation":{"angle":0.0,"axis":"y","origin":[8.089382,7.9103427,8.06752]},"faces":{"east":{"uv":[1.84127,1.5873024,1.873015,1.6190475],"rotation":270,"texture":"#0","tintindex":0},"south":{"uv":[1.84127,1.5873024,1.873015,1.6190475],"rotation":270,"texture":"#0","tintindex":0},"north":{"uv":[1.84127,1.5873024,1.873015,1.6190475],"rotation":270,"texture":"#0","tintindex":0},"west":{"uv":[1.84127,1.5873024,1.873015,1.6190475],"rotation":270,"texture":"#0","tintindex":0},"up":{"uv":[1.84127,1.5873024,1.873015,1.6190475],"rotation":270,"texture":"#0","tintindex":0},"down":{"uv":[1.84127,1.5873024,1.873015,1.6190475],"rotation":270,"texture":"#0","tintindex":0}}},{"from":[8.291429,0.6825137,9.33776],"to":[8.358777,8.107486,9.607851],"rotation":{"angle":0.0,"axis":"y","origin":[8.089382,7.9103427,8.06752]},"faces":{"east":{"uv":[1.84127,1.5873024,1.873015,1.6190475],"rotation":270,"texture":"#0","tintindex":0},"south":{"uv":[1.84127,1.5873024,1.873015,1.6190475],"rotation":270,"texture":"#0","tintindex":0},"north":{"uv":[1.84127,1.5873024,1.873015,1.6190475],"rotation":270,"texture":"#0","tintindex":0},"west":{"uv":[1.84127,1.5873024,1.873015,1.6190475],"rotation":270,"texture":"#0","tintindex":0},"up":{"uv":[1.84127,1.5873024,1.873015,1.6190475],"rotation":270,"texture":"#0","tintindex":0},"down":{"uv":[1.84127,1.5873024,1.873015,1.6190475],"rotation":270,"texture":"#0","tintindex":0}}},{"from":[8.291429,1.0596566,8.866331],"to":[8.358777,7.447486,9.136423],"rotation":{"angle":0.0,"axis":"y","origin":[8.089382,7.9103427,8.06752]},"faces":{"east":{"uv":[1.84127,1.5873024,1.873015,1.6190475],"rotation":270,"texture":"#0","tintindex":0},"south":{"uv":[1.84127,1.5873024,1.873015,1.6190475],"rotation":270,"texture":"#0","tintindex":0},"north":{"uv":[1.84127,1.5873024,1.873015,1.6190475],"rotation":270,"texture":"#0","tintindex":0},"west":{"uv":[1.84127,1.5873024,1.873015,1.6190475],"rotation":270,"texture":"#0","tintindex":0},"up":{"uv":[1.84127,1.5873024,1.873015,1.6190475],"rotation":270,"texture":"#0","tintindex":0},"down":{"uv":[1.84127,1.5873024,1.873015,1.6190475],"rotation":270,"texture":"#0","tintindex":0}}},{"from":[8.291429,0.87108517,9.054903],"to":[8.358777,7.8246284,9.382137],"rotation":{"angle":0.0,"axis":"y","origin":[8.089382,7.9103427,8.06752]},"faces":{"east":{"uv":[1.84127,1.5873024,1.873015,1.6190475],"rotation":270,"texture":"#0","tintindex":0},"south":{"uv":[1.84127,1.5873024,1.873015,1.6190475],"rotation":270,"texture":"#0","tintindex":0},"north":{"uv":[1.84127,1.5873024,1.873015,1.6190475],"rotation":270,"texture":"#0","tintindex":0},"west":{"uv":[1.84127,1.5873024,1.873015,1.6190475],"rotation":270,"texture":"#0","tintindex":0},"up":{"uv":[1.84127,1.5873024,1.873015,1.6190475],"rotation":270,"texture":"#0","tintindex":0},"down":{"uv":[1.84127,1.5873024,1.873015,1.6190475],"rotation":270,"texture":"#0","tintindex":0}}},{"from":[7.725714,0.39965677,8.866331],"to":[8.07592,8.107486,8.947851],"rotation":{"angle":0.0,"axis":"y","origin":[8.089382,7.9103427,8.06752]},"faces":{"east":{"uv":[1.84127,1.5873024,1.873015,1.6190475],"rotation":270,"texture":"#0","tintindex":0},"south":{"uv":[1.84127,1.5873024,1.873015,1.6190475],"rotation":270,"texture":"#0","tintindex":0},"north":{"uv":[1.84127,1.5873024,1.873015,1.6190475],"rotation":270,"texture":"#0","tintindex":0},"west":{"uv":[1.84127,1.5873024,1.873015,1.6190475],"rotation":270,"texture":"#0","tintindex":0},"up":{"uv":[1.84127,1.5873024,1.873015,1.6190475],"rotation":270,"texture":"#0","tintindex":0},"down":{"uv":[1.84127,1.5873024,1.873015,1.6190475],"rotation":270,"texture":"#0","tintindex":0}}},{"from":[7.5371428,0.87108517,8.866331],"to":[7.887348,8.107486,8.947851],"rotation":{"angle":0.0,"axis":"y","origin":[8.089382,7.9103427,8.06752]},"faces":{"east":{"uv":[1.84127,1.5873024,1.873015,1.6190475],"rotation":270,"texture":"#0","tintindex":0},"south":{"uv":[1.84127,1.5873024,1.873015,1.6190475],"rotation":270,"texture":"#0","tintindex":0},"north":{"uv":[1.84127,1.5873024,1.873015,1.6190475],"rotation":270,"texture":"#0","tintindex":0},"west":{"uv":[1.84127,1.5873024,1.873015,1.6190475],"rotation":270,"texture":"#0",