{"textures":{"0":"modelengine:entity/dragnute"},"elements":[{"from":[7.359474,5.0216284,6.2099066],"to":[8.694434,5.3293314,8.532627],"rotation":{"angle":0.0,"axis":"y","origin":[4.3969483,15.724554,7.7484093]},"faces":{"east":{"uv":[4.0,4.0,8.0,8.0],"rotation":0,"texture":"#0","tintindex":0},"south":{"uv":[4.0,4.0,8.0,8.0],"rotation":0,"texture":"#0","tintindex":0},"north":{"uv":[4.0,4.0,8.0,8.0],"rotation":0,"texture":"#0","tintindex":0},"west":{"uv":[4.0,4.0,8.0,8.0],"rotation":0,"texture":"#0","tintindex":0},"up":{"uv":[4.0,4.0,8.0,8.0],"rotation":0,"texture":"#0","tintindex":0},"down":{"uv":[4.0,4.0,8.0,8.0],"rotation":0,"texture":"#0","tintindex":0}}},{"from":[7.736617,5.1159143,6.231438],"to":[7.865714,5.7603827,6.3154836],"rotation":{"angle":0.0,"axis":"y","origin":[4.302663,15.724554,7.7484093]},"faces":{"east":{"uv":[4.0,4.0,4.190475,4.15873],"rotation":0,"texture":"#0","tintindex":0},"south":{"uv":[4.0,4.0,8.0,4.761905],"rotation":0,"texture":"#0","tintindex":0},"north":{"uv":[4.0,4.0,8.0,4.761905],"rotation":0,"texture":"#0","tintindex":0},"west":{"uv":[4.0,4.0,4.0952377,4.0952377],"rotation":0,"texture":"#0","tintindex":0},"up":{"uv":[4.0,4.0,8.0,4.761905],"rotation":0,"texture":"#0","tintindex":0},"down":{"uv":[4.0,4.0,8.0,4.761905],"rotation":0,"texture":"#0","tintindex":0}}},{"from":[7.5109024,5.2176857,6.775621],"to":[8.571577,5.786394,8.438341],"rotation":{"angle":0.0,"axis":"y","origin":[4.454091,15.724554,7.7484093]},"faces":{"east":{"uv":[15.84127,7.4920626,15.714285,7.714285],"rotation":0,"texture":"#0","tintindex":0},"south":{"uv":[15.84127,7.4920626,15.714285,7.714285],"rotation":0,"texture":"#0","tintindex":0},"north":{"uv":[15.84127,7.4920626,15.714285,7.714285],"rotation":0,"texture":"#0","tintindex":0},"west":{"uv":[15.84127,7.4920626,15.714285,7.714285],"rotation":0,"texture":"#0","tintindex":0},"up":{"uv":[15.84127,7.4920626,15.714285,7.714285],"rotation":0,"texture":"#0","tintindex":0},"down":{"uv":[15.84127,7.4920626,15.714285,7.714285],"rotation":0,"texture":"#0","tintindex":0}}},{"from":[7.502,5.789114,7.3312],"to":[8.509315,6.243537,8.436777],"rotation":{"angle":0.0,"axis":"y","origin":[4.454091,16.295982,7.7484093]},"faces":{"east":{"uv":[15.84127,7.4920626,15.714285,7.714285],"rotation":0,"texture":"#0","tintindex":0},"south":{"uv":[15.84127,7.4920626,15.714285,7.714285],"rotation":0,"texture":"#0","tintindex":0},"north":{"uv":[15.84127,7.4920626,15.714285,7.714285],"rotation":0,"texture":"#0","tintindex":0},"west":{"uv":[15.84127,7.4920626,15.714285,7.714285],"rotation":0,"texture":"#0","tintindex":0},"up":{"uv":[15.84127,7.4920626,15.714285,7.714285],"rotation":0,"texture":"#0","tintindex":0},"down":{"uv":[15.84127,7.4920626,15.714285,7.714285],"rotation":0,"texture":"#0","tintindex":0}}},{"from":[7.8309026,5.040337,5.4592094],"to":[7.9401484,5.8544855,5.556489],"rotation":{"angle":-45.0,"axis":"y","origin":[6.188377,5.3531256,7.3712664]},"faces":{"east":{"uv":[4.0,4.0,8.0,4.761905],"rotation":180,"texture":"#0","tintindex":0},"south":{"uv":[4.0,4.0,8.0,4.761905],"rotation":180,"texture":"#0","tintindex":0},"north":{"uv":[4.0,4.0,8.0,4.761905],"rotation":180,"texture":"#0","tintindex":0},"west":{"uv":[4.0,4.0,8.0,4.761905],"rotation":180,"texture":"#0","tintindex":0},"up":{"uv":[4.0,4.0,8.0,4.761905],"rotation":180,"texture":"#0","tintindex":0},"down":{"uv":[4.0,4.0,8.0,4.761905],"rotation":180,"texture":"#0","tintindex":0}}},{"from":[7.4280453,4.6444855,6.5870495],"to":[8.625862,5.1189084,6.8354836],"rotation":{"angle":0.0,"axis":"y","origin":[4.3969483,15.724554,7.7484093]},"faces":{"east":{"uv":[4.0,4.0,8.0,8.0],"rotation":0,"texture":"#0","tintindex":0},"south":{"uv":[4.0,4.0,8.0,8.0],"rotation":0,"texture":"#0","tintindex":0},"north":{"uv":[4.0,4.0,8.0,8.0],"rotation":0,"texture":"#0","tintindex":0},"west":{"uv":[4.0,4.0,8.0,8.0],"rotation":0,"texture":"#0","tintindex":0},"up":{"uv":[4.0,4.0,8.0,8.0],"rotation":0,"texture":"#0","tintindex":0},"down":{"uv":[4.0,4.0,8.0,8.0],"rotation":0,"texture":"#0","tintindex":0}}},{"from":[7.4280453,4.6444855,7.8127637],"to":[8.625862,5.1189084,8.061198],"rotation":{"angle":0.0,"axis":"y","origin":[4.3969483,15.724554,7.7484093]},"faces":{"east":{"uv":[4.0,4.0,8.0,8.0],"rotation":0,"texture":"#0","tintindex":0},"south":{"uv":[4.0,4.0,8.0,8.0],"rotation":0,"texture":"#0","tintindex":0},"north":{"uv":[4.0,4.0,8.0,8.0],"rotation":0,"texture":"#0","tintindex":0},"west":{"uv":[4.0,4.0,8.0,8.0],"rotation":0,"texture":"#0","tintindex":0},"up":{"uv":[4.0,4.0,8.0,8.0],"rotation":0,"texture":"#0","tintindex":0},"down":{"uv":[4.0,4.0,8.0,8.0],"rotation":0,"texture":"#0","tintindex":0}}},{"from":[7.5109024,5.311971,6.3423066],"to":[8.571577,5.6069083,8.238341],"rotation":{"angle":0.0,"axis":"y","origin":[4.454091,15.724554,7.7484093]},"faces":{"east":{"uv":[15.84127,7.4920626,15.84127,7.714285],"rotation":0,"texture":"#0","tintindex":0},"south":{"uv":[15.84127,7.4920626,15.84127,7.714285],"rotation":0,"texture":"#0","tintindex":0},"north":{"uv":[15.84127,7.4920626,15.84127,7.714285],"rotation":0,"texture":"#0","tintindex":0},"west":{"uv":[15.84127,7.4920626,15.84127,7.714285],"rotation":0,"texture":"#0","tintindex":0},"up":{"uv":[15.84127,7.4920626,15.84127,7.714285],"rotation":0,"texture":"#0","tintindex":0},"down":{"uv":[15.84127,7.4920626,15.84127,7.714285],"rotation":0,"texture":"#0","tintindex":0}}},{"from":[7.265188,5.7003374,5.814055],"to":[7.374434,5.8544855,6.8541923],"rotation":{"angle":-22.5,"axis":"y","origin":[5.9998055,5.3531256,7.3712664]},"faces":{"east":{"uv":[4.0,4.0,8.0,4.761905],"rotation":180,"texture":"#0","tintindex":0},"south":{"uv":[4.0,4.0,8.0,4.761905],"rotation":180,"texture":"#0","tintindex":0},"north":{"uv":[4.0,4.0,8.0,4.761905],"rotation":180,"texture":"#0","tintindex":0},"west":{"uv":[4.0,4.0,8.0,4.761905],"rotation":180,"texture":"#0","tintindex":0},"up":{"uv":[4.0,4.0,8.0,4.761905],"rotation":180,"texture":"#0","tintindex":0},"down":{"uv":[4.0,4.0,8.0,4.761905],"rotation":180,"texture":"#0","tintindex":0}}},{"from":[7.5109024,5.4062567,6.5870495],"to":[8.571577,5.9675713,7.0560665],"rotation":{"angle":-22.5,"axis":"x","origin":[6.056948,5.17204,7.3712664]},"faces":{"east":{"uv":[15.84127,7.4920626,15.714285,7.714285],"rotation":0,"texture":"#0","tintindex":0},"south":{"uv":[15.84127,7.4920626,15.714285,7.714285],"rotation":0,"texture":"#0","tintindex":0},"north":{"uv":[15.84127,7.4920626,15.714285,7.714285],"rotation":0,"texture":"#0","tintindex":0},"west":{"uv":[15.84127,7.4920626,15.714285,7.714285],"rotation":0,"texture":"#0","tintindex":0},"up":{"uv":[15.84127,7.4920626,15.714285,7.714285],"rotation":0,"texture":"#0","tintindex":0},"down":{"uv":[15.84127,7.4920626,15.714285,7.714285],"rotation":0,"texture":"#0","tintindex":0}}},{"from":[7.076617,5.040337,6.4740553],"to":[7.1858625,5.8544855,6.571335],"rotation":{"angle":-45.0,"axis":"y","origin":[6.188377,5.3531256,7.3712664]},"faces":{"east":{"uv":[4.0,4.0,8.0,4.761905],"rotation":180,"texture":"#0","tintindex":0},"south":{"uv":[4.0,4.0,8.0,4.761905],"rotation":180,"texture":"#0","tintindex":0},"north":{"uv":[4.0,4.0,8.0,4.761905],"rotation":180,"texture":"#0","tintindex":0},"west":{"uv":[4.0,4.0,8.0,4.761905],"rotation":180,"texture":"#0","tintindex":0},"up":{"uv":[4.0,4.0,8.0,4.761905],"rotation":180,"texture":"#0","tintindex":0},"down":{"uv":[4.0,4.0,8.0,4.761905],"rotation":180,"texture":"#0","tintindex":0}}},{"from":[8.062845,6.2337427,7.331209],"to":[8.509382,7.923263,8.428352],"rotation":{"angle":0.0,"axis":"y","origin":[6.5571656,15.142852,7.714284]},"faces":{"east":{"uv":[15.75,7.4885926,14.75,8.0],"rotation":270,"texture":"#0","tintindex":0},"south":{"uv":[15.75,7.4885926,14.75,8.0],"rotation":270,"texture":"#0","tintindex":0},"north":{"uv":[15.75,7.4885926,14.75,8.0],"rotation":270,"texture":"#0","tintindex":0},"west":{"uv":[15.75,7.4885926,14.75,8.0],"rotation":270,"texture":"#0","tintindex":0},"up":{"uv":[15.75,7.4885926,14.75,8.0],"rotation":270,"texture":"#0","tintindex":0},