{"textures":{"0":"modelengine:entity/dragnute"},"elements":[{"from":[7.9645715,6.1894855,7.694354],"to":[8.144,8.093635,8.454217],"rotation":{"angle":0.0,"axis":"y","origin":[-24.635864,-11.686367,-20.432308]},"faces":{"east":{"uv":[1.84127,1.5873024,1.873015,1.6190475],"rotation":0,"texture":"#0","tintindex":0},"south":{"uv":[1.84127,1.5873024,1.873015,1.6190475],"rotation":0,"texture":"#0","tintindex":0},"north":{"uv":[1.84127,1.5873024,1.873015,1.6190475],"rotation":0,"texture":"#0","tintindex":0},"west":{"uv":[1.84127,1.5873024,1.873015,1.6190475],"rotation":0,"texture":"#0","tintindex":0},"up":{"uv":[1.84127,1.5873024,1.873015,1.6190475],"rotation":0,"texture":"#0","tintindex":0},"down":{"uv":[1.84127,1.5873024,1.873015,1.6190475],"rotation":0,"texture":"#0","tintindex":0}}},{"from":[7.976,4.858057,7.694354],"to":[8.086857,5.4364915,8.20864],"rotation":{"angle":0.0,"axis":"y","origin":[5.6285715,8.82728,8.028571]},"faces":{"east":{"uv":[1.84127,1.5873024,1.873015,1.6190475],"rotation":0,"texture":"#0","tintindex":0},"south":{"uv":[1.84127,1.5873024,1.873015,1.6190475],"rotation":0,"texture":"#0","tintindex":0},"north":{"uv":[1.84127,1.5873024,1.873015,1.6190475],"rotation":0,"texture":"#0","tintindex":0},"west":{"uv":[1.84127,1.5873024,1.873015,1.6190475],"rotation":0,"texture":"#0","tintindex":0},"up":{"uv":[1.84127,1.5873024,1.873015,1.6190475],"rotation":0,"texture":"#0","tintindex":0},"down":{"uv":[1.84127,1.5873024,1.873015,1.6190475],"rotation":0,"texture":"#0","tintindex":0}}},{"from":[7.7782626,4.3450627,7.694354],"to":[8.0011425,5.523497,7.7514973],"rotation":{"angle":0.0,"axis":"y","origin":[5.714286,8.857143,8.057143]},"faces":{"east":{"uv":[1.84127,1.5873024,1.873015,1.6190475],"rotation":0,"texture":"#0","tintindex":0},"south":{"uv":[1.84127,1.5873024,1.873015,1.6190475],"rotation":0,"texture":"#0","tintindex":0},"north":{"uv":[1.84127,1.5873024,1.873015,1.6190475],"rotation":0,"texture":"#0","tintindex":0},"west":{"uv":[1.84127,1.5873024,1.873015,1.6190475],"rotation":0,"texture":"#0","tintindex":0},"up":{"uv":[1.84127,1.5873024,1.873015,1.6190475],"rotation":0,"texture":"#0","tintindex":0},"down":{"uv":[1.84127,1.5873024,1.873015,1.6190475],"rotation":0,"texture":"#0","tintindex":0}}},{"from":[7.9531426,4.3450627,7.694354],"to":[8.0011425,5.437783,8.065646],"rotation":{"angle":0.0,"axis":"y","origin":[5.731428,8.822857,8.04]},"faces":{"east":{"uv":[1.84127,1.5873024,1.873015,1.6190475],"rotation":0,"texture":"#0","tintindex":0},"south":{"uv":[1.84127,1.5873024,1.873015,1.6190475],"rotation":0,"texture":"#0","tintindex":0},"north":{"uv":[1.84127,1.5873024,1.873015,1.6190475],"rotation":0,"texture":"#0","tintindex":0},"west":{"uv":[1.84127,1.5873024,1.873015,1.6190475],"rotation":0,"texture":"#0","tintindex":0},"up":{"uv":[1.84127,1.5873024,1.873015,1.6190475],"rotation":0,"texture":"#0","tintindex":0},"down":{"uv":[1.84127,1.5873024,1.873015,1.6190475],"rotation":0,"texture":"#0","tintindex":0}}},{"from":[8.047543,6.3450627,8.454217],"to":[8.144,7.236491,8.905509],"rotation":{"angle":0.0,"axis":"y","origin":[14.255978,-11.182217,-20.415304]},"faces":{"east":{"uv":[1.84127,1.5873024,1.873015,1.6190475],"rotation":0,"texture":"#0","tintindex":0},"south":{"uv":[1.84127,1.5873024,1.873015,1.6190475],"rotation":0,"texture":"#0","tintindex":0},"north":{"uv":[1.84127,1.5873024,1.873015,1.6190475],"rotation":0,"texture":"#0","tintindex":0},"west":{"uv":[1.84127,1.5873024,1.873015,1.6190475],"rotation":0,"texture":"#0","tintindex":0},"up":{"uv":[1.84127,1.5873024,1.873015,1.6190475],"rotation":0,"texture":"#0","tintindex":0},"down":{"uv":[1.84127,1.5873024,1.873015,1.6190475],"rotation":0,"texture":"#0","tintindex":0}}},{"from":[8.018971,5.818057,8.454217],"to":[8.144,6.9349256,8.716937],"rotation":{"angle":0.0,"axis":"y","origin":[14.255978,-11.182217,-20.415304]},"faces":{"east":{"uv":[1.84127,1.5873024,1.873015,1.6190475],"rotation":0,"texture":"#0","tintindex":0},"south":{"uv":[1.84127,1.5873024,1.873015,1.6190475],"rotation":0,"texture":"#0","tintindex":0},"north":{"uv":[1.84127,1.5873024,1.873015,1.6190475],"rotation":0,"texture":"#0","tintindex":0},"west":{"uv":[1.84127,1.5873024,1.873015,1.6190475],"rotation":0,"texture":"#0","tintindex":0},"up":{"uv":[1.84127,1.5873024,1.873015,1.6190475],"rotation":0,"texture":"#0","tintindex":0},"down":{"uv":[1.84127,1.5873024,1.873015,1.6190475],"rotation":0,"texture":"#0","tintindex":0}}},{"from":[7.633143,4.111954,7.694354],"to":[7.856023,4.6400456,7.8657827],"rotation":{"angle":0.0,"axis":"y","origin":[5.714286,8.857143,8.057143]},"faces":{"east":{"uv":[1.9047625,1.6507925,1.7777776,1.52381],"rotation":0,"texture":"#0","tintindex":0},"south":{"uv":[1.9047625,1.6507925,1.7777776,1.52381],"rotation":0,"texture":"#0","tintindex":0},"north":{"uv":[1.9047625,1.6507925,1.7777776,1.52381],"rotation":0,"texture":"#0","tintindex":0},"west":{"uv":[1.9047625,1.6507925,1.7777776,1.52381],"rotation":0,"texture":"#0","tintindex":0},"up":{"uv":[1.9047625,1.6507925,1.7777776,1.52381],"rotation":0,"texture":"#0","tintindex":0},"down":{"uv":[1.9047625,1.6507925,1.7777776,1.52381],"rotation":0,"texture":"#0","tintindex":0}}},{"from":[7.9645715,5.332343,7.694354],"to":[8.144,6.20792,8.454217],"rotation":{"angle":0.0,"axis":"y","origin":[-24.635864,-11.972082,-20.432308]},"faces":{"east":{"uv":[1.84127,1.5873024,1.873015,1.6190475],"rotation":0,"texture":"#0","tintindex":0},"south":{"uv":[1.84127,1.5873024,1.873015,1.6190475],"rotation":0,"texture":"#0","tintindex":0},"north":{"uv":[1.84127,1.5873024,1.873015,1.6190475],"rotation":0,"texture":"#0","tintindex":0},"west":{"uv":[1.84127,1.5873024,1.873015,1.6190475],"rotation":0,"texture":"#0","tintindex":0},"up":{"uv":[1.84127,1.5873024,1.873015,1.6190475],"rotation":0,"texture":"#0","tintindex":0},"down":{"uv":[1.84127,1.5873024,1.873015,1.6190475],"rotation":0,"texture":"#0","tintindex":0}}}],"display":{"head":{"translation":[0.0,-6.4,0.0],"scale":[4.0,4.0,4.0]}}}