{"textures":{"0":"modelengine:entity/dragnute"},"elements":[{"from":[10.724425,6.3950663,7.998605],"to":[11.282459,9.1133175,8.076376],"rotation":{"angle":-45.0,"axis":"z","origin":[6.484265,6.104975,7.425005]},"faces":{"east":{"uv":[6.0634923,4.0,6.12996,4.07619],"rotation":0,"texture":"#0","tintindex":0},"south":{"uv":[6.0634923,4.0,6.12996,4.07619],"rotation":0,"texture":"#0","tintindex":0},"north":{"uv":[6.0634923,4.0,6.12996,4.07619],"rotation":0,"texture":"#0","tintindex":0},"west":{"uv":[6.0634923,4.0,6.12996,4.07619],"rotation":0,"texture":"#0","tintindex":0},"up":{"uv":[6.0634923,4.0,6.12996,4.07619],"rotation":0,"texture":"#0","tintindex":0},"down":{"uv":[6.0634923,4.0,6.12996,4.07619],"rotation":0,"texture":"#0","tintindex":0}}},{"from":[9.236368,-0.8930483,7.998605],"to":[9.549408,1.7191234,8.076376],"rotation":{"angle":22.5,"axis":"z","origin":[6.1118765,6.778678,7.4473705]},"faces":{"east":{"uv":[6.0634923,4.0,6.12996,4.07619],"rotation":0,"texture":"#0","tintindex":0},"south":{"uv":[6.0634923,4.0,6.12996,4.07619],"rotation":0,"texture":"#0","tintindex":0},"north":{"uv":[6.0634923,4.0,6.12996,4.07619],"rotation":0,"texture":"#0","tintindex":0},"west":{"uv":[6.0634923,4.0,6.12996,4.07619],"rotation":0,"texture":"#0","tintindex":0},"up":{"uv":[6.0634923,4.0,6.12996,4.07619],"rotation":0,"texture":"#0","tintindex":0},"down":{"uv":[6.0634923,4.0,6.12996,4.07619],"rotation":0,"texture":"#0","tintindex":0}}},{"from":[9.721293,-0.4143057,7.998605],"to":[10.034334,3.038918,8.076376],"rotation":{"angle":22.5,"axis":"z","origin":[6.484265,6.104975,7.425005]},"faces":{"east":{"uv":[6.0634923,4.0,6.12996,4.07619],"rotation":0,"texture":"#0","tintindex":0},"south":{"uv":[6.0634923,4.0,6.12996,4.07619],"rotation":0,"texture":"#0","tintindex":0},"north":{"uv":[6.0634923,4.0,6.12996,4.07619],"rotation":0,"texture":"#0","tintindex":0},"west":{"uv":[6.0634923,4.0,6.12996,4.07619],"rotation":0,"texture":"#0","tintindex":0},"up":{"uv":[6.0634923,4.0,6.12996,4.07619],"rotation":0,"texture":"#0","tintindex":0},"down":{"uv":[6.0634923,4.0,6.12996,4.07619],"rotation":0,"texture":"#0","tintindex":0}}},{"from":[9.774185,3.1545067,7.998605],"to":[12.047169,6.6077294,8.076376],"rotation":{"angle":0.0,"axis":"y","origin":[6.484265,6.104975,7.425005]},"faces":{"east":{"uv":[6.0634923,4.0,6.12996,4.07619],"rotation":0,"texture":"#0","tintindex":0},"south":{"uv":[6.0634923,4.0,6.12996,4.07619],"rotation":0,"texture":"#0","tintindex":0},"north":{"uv":[6.0634923,4.0,6.12996,4.07619],"rotation":0,"texture":"#0","tintindex":0},"west":{"uv":[6.0634923,4.0,6.12996,4.07619],"rotation":0,"texture":"#0","tintindex":0},"up":{"uv":[6.0634923,4.0,6.12996,4.07619],"rotation":0,"texture":"#0","tintindex":0},"down":{"uv":[6.0634923,4.0,6.12996,4.07619],"rotation":0,"texture":"#0","tintindex":0}}},{"from":[11.441773,2.1185746,7.998605],"to":[12.187659,5.081809,8.076376],"rotation":{"angle":0.0,"axis":"y","origin":[6.484265,6.104975,7.425005]},"faces":{"east":{"uv":[6.0634923,4.0,6.12996,4.07619],"rotation":0,"texture":"#0","tintindex":0},"south":{"uv":[6.0634923,4.0,6.12996,4.07619],"rotation":0,"texture":"#0","tintindex":0},"north":{"uv":[6.0634923,4.0,6.12996,4.07619],"rotation":0,"texture":"#0","tintindex":0},"west":{"uv":[6.0634923,4.0,6.12996,4.07619],"rotation":0,"texture":"#0","tintindex":0},"up":{"uv":[6.0634923,4.0,6.12996,4.07619],"rotation":0,"texture":"#0","tintindex":0},"down":{"uv":[6.0634923,4.0,6.12996,4.07619],"rotation":0,"texture":"#0","tintindex":0}}},{"from":[11.956059,0.97571754,7.998605],"to":[12.244802,2.224666,8.076376],"rotation":{"angle":0.0,"axis":"y","origin":[6.5414076,3.2478318,7.425005]},"faces":{"east":{"uv":[6.0634923,4.0,6.12996,4.07619],"rotation":0,"texture":"#0","tintindex":0},"south":{"uv":[6.0634923,4.0,6.12996,4.07619],"rotation":0,"texture":"#0","tintindex":0},"north":{"uv":[6.0634923,4.0,6.12996,4.07619],"rotation":0,"texture":"#0","tintindex":0},"west":{"uv":[6.0634923,4.0,6.12996,4.07619],"rotation":0,"texture":"#0","tintindex":0},"up":{"uv":[6.0634923,4.0,6.12996,4.07619],"rotation":0,"texture":"#0","tintindex":0},"down":{"uv":[6.0634923,4.0,6.12996,4.07619],"rotation":0,"texture":"#0","tintindex":0}}},{"from":[7.4062877,-0.42761993,7.998605],"to":[7.964322,2.7806091,8.076376],"rotation":{"angle":45.0,"axis":"z","origin":[6.484265,6.104975,7.425005]},"faces":{"east":{"uv":[6.0634923,4.0,6.12996,4.07619],"rotation":0,"texture":"#0","tintindex":0},"south":{"uv":[6.0634923,4.0,6.12996,4.07619],"rotation":0,"texture":"#0","tintindex":0},"north":{"uv":[6.0634923,4.0,6.12996,4.07619],"rotation":0,"texture":"#0","tintindex":0},"west":{"uv":[6.0634923,4.0,6.12996,4.07619],"rotation":0,"texture":"#0","tintindex":0},"up":{"uv":[6.0634923,4.0,6.12996,4.07619],"rotation":0,"texture":"#0","tintindex":0},"down":{"uv":[6.0634923,4.0,6.12996,4.07619],"rotation":0,"texture":"#0","tintindex":0}}},{"from":[8.354391,1.952003,7.998605],"to":[9.480185,5.2049522,8.076376],"rotation":{"angle":22.5,"axis":"z","origin":[6.484265,6.104975,7.425005]},"faces":{"east":{"uv":[6.0634923,4.0,6.12996,4.07619],"rotation":270,"texture":"#0","tintindex":0},"south":{"uv":[6.0634923,4.0,6.12996,4.07619],"rotation":270,"texture":"#0","tintindex":0},"north":{"uv":[6.0634923,4.0,6.12996,4.07619],"rotation":270,"texture":"#0","tintindex":0},"west":{"uv":[6.0634923,4.0,6.12996,4.07619],"rotation":270,"texture":"#0","tintindex":0},"up":{"uv":[6.0634923,4.0,6.12996,4.07619],"rotation":270,"texture":"#0","tintindex":0},"down":{"uv":[6.0634923,4.0,6.12996,4.07619],"rotation":270,"texture":"#0","tintindex":0}}},{"from":[8.529774,5.579158,7.998605],"to":[9.65558,8.342118,8.076376],"rotation":{"angle":0.0,"axis":"y","origin":[6.484265,6.104975,7.425005]},"faces":{"east":{"uv":[6.0634923,4.0,6.12996,4.07619],"rotation":270,"texture":"#0","tintindex":0},"south":{"uv":[6.0634923,4.0,6.12996,4.07619],"rotation":270,"texture":"#0","tintindex":0},"north":{"uv":[6.0634923,4.0,6.12996,4.07619],"rotation":270,"texture":"#0","tintindex":0},"west":{"uv":[6.0634923,4.0,6.12996,4.07619],"rotation":270,"texture":"#0","tintindex":0},"up":{"uv":[6.0634923,4.0,6.12996,4.07619],"rotation":270,"texture":"#0","tintindex":0},"down":{"uv":[6.0634923,4.0,6.12996,4.07619],"rotation":270,"texture":"#0","tintindex":0}}},{"from":[8.530196,5.092221,7.998605],"to":[9.65558,5.7599807,8.076376],"rotation":{"angle":0.0,"axis":"y","origin":[6.484265,6.104975,7.425005]},"faces":{"east":{"uv":[6.0634923,4.0,6.12996,4.07619],"rotation":270,"texture":"#0","tintindex":0},"south":{"uv":[6.0634923,4.0,6.12996,4.07619],"rotation":270,"texture":"#0","tintindex":0},"north":{"uv":[6.0634923,4.0,6.12996,4.07619],"rotation":270,"texture":"#0","tintindex":0},"west":{"uv":[6.0634923,4.0,6.12996,4.07619],"rotation":270,"texture":"#0","tintindex":0},"up":{"uv":[6.0634923,4.0,6.12996,4.07619],"rotation":270,"texture":"#0","tintindex":0},"down":{"uv":[6.0634923,4.0,6.12996,4.07619],"rotation":270,"texture":"#0","tintindex":0}}},{"from":[8.611808,4.0600147,7.998605],"to":[9.737602,6.2840605,8.076376],"rotation":{"angle":45.0,"axis":"z","origin":[6.484265,6.104975,7.425005]},"faces":{"east":{"uv":[6.0634923,4.0,6.12996,4.07619],"rotation":270,"texture":"#0","tintindex":0},"south":{"uv":[6.0634923,4.0,6.12996,4.07619],"rotation":270,"texture":"#0","tintindex":0},"north":{"uv":[6.0634923,4.0,6.12996,4.07619],"rotation":270,"texture":"#0","tintindex":0},"west":{"uv":[6.0634923,4.0,6.12996,4.07619],"rotation":270,"texture":"#0","tintindex":0},"up":{"uv":[6.0634923,4.0,6.12996,4.07619],"rotation":270,"texture":"#0","tintindex":0},"down":{"uv":[6.0634923,4.0,6.12996,4.07619],"rotation":270,"texture":"#0","tintindex":0}}},{"from":[8.426723,9.675958,7.998605],"to":[9.842231,10.801764,8.076376],"rotation":{"angle":0.0,"axis":"y","origin":[6.484265,6.104975,7.425005]},"faces":{"east":{"uv":[6.0634923,4.0,6.12996,4.07619],"rotation":0,"texture":"#0","tintindex":0},"south":{"uv":[6.0634923,4.0,6.12996,4.07619],"rotation":0,"texture":"#0",