{"textures":{"0":"modelengine:entity/dragnute"},"elements":[{"from":[8.141057,9.314394,8.935359],"to":[8.543446,11.46676,9.380616],"rotation":{"angle":-22.5,"axis":"z","origin":[7.7069545,8.572257,8.567862]},"faces":{"east":{"uv":[14.0,4.0,15.650792,0.126985],"rotation":0,"texture":"#0","tintindex":0},"south":{"uv":[14.0,4.0,15.650792,0.126985],"rotation":0,"texture":"#0","tintindex":0},"north":{"uv":[14.0,4.0,15.650792,0.126985],"rotation":0,"texture":"#0","tintindex":0},"west":{"uv":[14.0,4.0,15.650792,0.126985],"rotation":0,"texture":"#0","tintindex":0},"up":{"uv":[14.0,4.0,15.650792,0.126985],"rotation":0,"texture":"#0","tintindex":0},"down":{"uv":[14.0,4.0,15.650792,0.126985],"rotation":0,"texture":"#0","tintindex":0}}},{"from":[8.064441,8.353754,8.345233],"to":[8.466829,9.969366,9.157988],"rotation":{"angle":-22.5,"axis":"z","origin":[7.7069545,8.572257,8.567862]},"faces":{"east":{"uv":[14.0,4.0,15.650792,0.126985],"rotation":0,"texture":"#0","tintindex":0},"south":{"uv":[14.0,4.0,15.650792,0.126985],"rotation":0,"texture":"#0","tintindex":0},"north":{"uv":[14.0,4.0,15.650792,0.126985],"rotation":0,"texture":"#0","tintindex":0},"west":{"uv":[14.0,4.0,15.650792,0.126985],"rotation":0,"texture":"#0","tintindex":0},"up":{"uv":[14.0,4.0,15.650792,0.126985],"rotation":0,"texture":"#0","tintindex":0},"down":{"uv":[14.0,4.0,15.650792,0.126985],"rotation":0,"texture":"#0","tintindex":0}}},{"from":[9.156292,10.813492,8.935359],"to":[9.558681,13.720143,9.380616],"rotation":{"angle":0.0,"axis":"y","origin":[7.7069545,8.572257,8.567862]},"faces":{"east":{"uv":[14.0,4.0,15.650792,0.126985],"rotation":0,"texture":"#0","tintindex":0},"south":{"uv":[14.0,4.0,15.650792,0.126985],"rotation":0,"texture":"#0","tintindex":0},"north":{"uv":[14.0,4.0,15.650792,0.126985],"rotation":0,"texture":"#0","tintindex":0},"west":{"uv":[14.0,4.0,15.650792,0.126985],"rotation":0,"texture":"#0","tintindex":0},"up":{"uv":[14.0,4.0,15.650792,0.126985],"rotation":0,"texture":"#0","tintindex":0},"down":{"uv":[14.0,4.0,15.650792,0.126985],"rotation":0,"texture":"#0","tintindex":0}}},{"from":[10.905675,12.398977,8.935359],"to":[11.358246,13.223194,9.380616],"rotation":{"angle":22.5,"axis":"z","origin":[7.7069545,8.572257,8.567862]},"faces":{"east":{"uv":[14.0,4.0,15.650792,0.126985],"rotation":0,"texture":"#0","tintindex":0},"south":{"uv":[14.0,4.0,15.650792,0.126985],"rotation":0,"texture":"#0","tintindex":0},"north":{"uv":[14.0,4.0,15.650792,0.126985],"rotation":0,"texture":"#0","tintindex":0},"west":{"uv":[14.0,4.0,15.650792,0.126985],"rotation":0,"texture":"#0","tintindex":0},"up":{"uv":[14.0,4.0,15.650792,0.126985],"rotation":0,"texture":"#0","tintindex":0},"down":{"uv":[14.0,4.0,15.650792,0.126985],"rotation":0,"texture":"#0","tintindex":0}}},{"from":[8.57596,13.93924,9.029645],"to":[8.978349,14.545777,9.28633],"rotation":{"angle":45.0,"axis":"z","origin":[8.757731,14.48532,9.157988]},"faces":{"east":{"uv":[3.20635,8.63492,3.3333325,8.539682],"rotation":0,"texture":"#0","tintindex":0},"south":{"uv":[3.20635,8.63492,3.3333325,8.539682],"rotation":0,"texture":"#0","tintindex":0},"north":{"uv":[3.20635,8.63492,3.3333325,8.539682],"rotation":0,"texture":"#0","tintindex":0},"west":{"uv":[3.20635,8.63492,3.3333325,8.539682],"rotation":0,"texture":"#0","tintindex":0},"up":{"uv":[3.20635,8.63492,3.3333325,8.539682],"rotation":0,"texture":"#0","tintindex":0},"down":{"uv":[3.20635,8.63492,3.3333325,8.539682],"rotation":0,"texture":"#0","tintindex":0}}},{"from":[8.273629,14.586702,9.029645],"to":[8.870977,14.699846,9.28633],"rotation":{"angle":0.0,"axis":"y","origin":[8.757731,14.48532,9.157988]},"faces":{"east":{"uv":[3.20635,8.63492,3.3333325,8.539682],"rotation":270,"texture":"#0","tintindex":0},"south":{"uv":[3.20635,8.63492,3.3333325,8.539682],"rotation":270,"texture":"#0","tintindex":0},"north":{"uv":[3.20635,8.63492,3.3333325,8.539682],"rotation":270,"texture":"#0","tintindex":0},"west":{"uv":[3.20635,8.63492,3.3333325,8.539682],"rotation":270,"texture":"#0","tintindex":0},"up":{"uv":[3.20635,8.63492,3.3333325,8.539682],"rotation":270,"texture":"#0","tintindex":0},"down":{"uv":[3.20635,8.63492,3.3333325,8.539682],"rotation":270,"texture":"#0","tintindex":0}}},{"from":[8.228383,14.356337,9.029645],"to":[9.031697,14.498258,9.28633],"rotation":{"angle":-22.5,"axis":"z","origin":[8.757731,14.48532,9.157988]},"faces":{"east":{"uv":[3.20635,8.63492,3.3333325,8.539682],"rotation":270,"texture":"#0","tintindex":0},"south":{"uv":[3.20635,8.63492,3.3333325,8.539682],"rotation":270,"texture":"#0","tintindex":0},"north":{"uv":[3.20635,8.63492,3.3333325,8.539682],"rotation":270,"texture":"#0","tintindex":0},"west":{"uv":[3.20635,8.63492,3.3333325,8.539682],"rotation":270,"texture":"#0","tintindex":0},"up":{"uv":[3.20635,8.63492,3.3333325,8.539682],"rotation":270,"texture":"#0","tintindex":0},"down":{"uv":[3.20635,8.63492,3.3333325,8.539682],"rotation":270,"texture":"#0","tintindex":0}}},{"from":[8.4622,14.492417,9.029645],"to":[8.870977,14.60556,9.28633],"rotation":{"angle":0.0,"axis":"y","origin":[8.757731,14.48532,9.157988]},"faces":{"east":{"uv":[3.20635,8.63492,3.3333325,8.539682],"rotation":270,"texture":"#0","tintindex":0},"south":{"uv":[3.20635,8.63492,3.3333325,8.539682],"rotation":270,"texture":"#0","tintindex":0},"north":{"uv":[3.20635,8.63492,3.3333325,8.539682],"rotation":270,"texture":"#0","tintindex":0},"west":{"uv":[3.20635,8.63492,3.3333325,8.539682],"rotation":270,"texture":"#0","tintindex":0},"up":{"uv":[3.20635,8.63492,3.3333325,8.539682],"rotation":270,"texture":"#0","tintindex":0},"down":{"uv":[3.20635,8.63492,3.3333325,8.539682],"rotation":270,"texture":"#0","tintindex":0}}},{"from":[7.941949,8.192371,7.9777474],"to":[8.344337,9.629068,8.912993],"rotation":{"angle":-22.5,"axis":"z","origin":[7.7069545,8.572257,8.567862]},"faces":{"east":{"uv":[14.0,4.0,15.650792,0.126985],"rotation":0,"texture":"#0","tintindex":0},"south":{"uv":[14.0,4.0,15.650792,0.126985],"rotation":0,"texture":"#0","tintindex":0},"north":{"uv":[14.0,4.0,15.650792,0.126985],"rotation":0,"texture":"#0","tintindex":0},"west":{"uv":[14.0,4.0,15.650792,0.126985],"rotation":0,"texture":"#0","tintindex":0},"up":{"uv":[14.0,4.0,15.650792,0.126985],"rotation":0,"texture":"#0","tintindex":0},"down":{"uv":[14.0,4.0,15.650792,0.126985],"rotation":0,"texture":"#0","tintindex":0}}},{"from":[7.819446,7.947377,7.242776],"to":[8.221834,8.771594,8.667999],"rotation":{"angle":-22.5,"axis":"z","origin":[7.7069545,8.572257,8.567862]},"faces":{"east":{"uv":[14.0,4.0,15.650792,0.126985],"rotation":0,"texture":"#0","tintindex":0},"south":{"uv":[14.0,4.0,15.650792,0.126985],"rotation":0,"texture":"#0","tintindex":0},"north":{"uv":[14.0,4.0,15.650792,0.126985],"rotation":0,"texture":"#0","tintindex":0},"west":{"uv":[14.0,4.0,15.650792,0.126985],"rotation":0,"texture":"#0","tintindex":0},"up":{"uv":[14.0,4.0,15.650792,0.126985],"rotation":0,"texture":"#0","tintindex":0},"down":{"uv":[14.0,4.0,15.650792,0.126985],"rotation":0,"texture":"#0","tintindex":0}}}],"display":{"head":{"translation":[0.0,-6.4,0.0],"scale":[4.0,4.0,4.0]}}}