{"textures":{"0":"modelengine:entity/dragnute"},"elements":[{"from":[9.015863,5.2846775,7.7924895],"to":[9.316847,6.572735,8.237746],"rotation":{"angle":-22.5,"axis":"z","origin":[6.546858,6.2486663,7.424992]},"faces":{"east":{"uv":[14.0,4.0,15.650792,0.126985],"rotation":0,"texture":"#0","tintindex":0},"south":{"uv":[14.0,4.0,15.650792,0.126985],"rotation":0,"texture":"#0","tintindex":0},"north":{"uv":[14.0,4.0,15.650792,0.126985],"rotation":0,"texture":"#0","tintindex":0},"west":{"uv":[14.0,4.0,15.650792,0.126985],"rotation":0,"texture":"#0","tintindex":0},"up":{"uv":[14.0,4.0,15.650792,0.126985],"rotation":0,"texture":"#0","tintindex":0},"down":{"uv":[14.0,4.0,15.650792,0.126985],"rotation":0,"texture":"#0","tintindex":0}}},{"from":[8.904218,5.4880376,7.7924895],"to":[9.230012,7.272769,8.237746],"rotation":{"angle":0.0,"axis":"y","origin":[6.546858,6.2486663,7.424992]},"faces":{"east":{"uv":[14.0,4.0,15.650792,0.126985],"rotation":0,"texture":"#0","tintindex":0},"south":{"uv":[14.0,4.0,15.650792,0.126985],"rotation":0,"texture":"#0","tintindex":0},"north":{"uv":[14.0,4.0,15.650792,0.126985],"rotation":0,"texture":"#0","tintindex":0},"west":{"uv":[14.0,4.0,15.650792,0.126985],"rotation":0,"texture":"#0","tintindex":0},"up":{"uv":[14.0,4.0,15.650792,0.126985],"rotation":0,"texture":"#0","tintindex":0},"down":{"uv":[14.0,4.0,15.650792,0.126985],"rotation":0,"texture":"#0","tintindex":0}}},{"from":[9.065052,6.1680145,7.7924895],"to":[9.417681,8.445786,8.237746],"rotation":{"angle":22.5,"axis":"z","origin":[6.546858,6.2486663,7.424992]},"faces":{"east":{"uv":[14.0,4.0,15.650792,0.126985],"rotation":0,"texture":"#0","tintindex":0},"south":{"uv":[14.0,4.0,15.650792,0.126985],"rotation":0,"texture":"#0","tintindex":0},"north":{"uv":[14.0,4.0,15.650792,0.126985],"rotation":0,"texture":"#0","tintindex":0},"west":{"uv":[14.0,4.0,15.650792,0.126985],"rotation":0,"texture":"#0","tintindex":0},"up":{"uv":[14.0,4.0,15.650792,0.126985],"rotation":0,"texture":"#0","tintindex":0},"down":{"uv":[14.0,4.0,15.650792,0.126985],"rotation":0,"texture":"#0","tintindex":0}}}],"display":{"head":{"translation":[0.0,-6.4,0.0],"scale":[4.0,4.0,4.0]}}}