{"textures":{"0":"modelengine:entity/dragnute"},"elements":[{"from":[11.983677,1.0819116,7.7924895],"to":[12.314032,6.634278,8.237746],"rotation":{"angle":0.0,"axis":"y","origin":[6.5017,6.246929,7.424992]},"faces":{"east":{"uv":[14.0,4.0,15.650792,0.126985],"rotation":0,"texture":"#0","tintindex":0},"south":{"uv":[14.0,4.0,15.650792,0.126985],"rotation":0,"texture":"#0","tintindex":0},"north":{"uv":[14.0,4.0,15.650792,0.126985],"rotation":0,"texture":"#0","tintindex":0},"west":{"uv":[14.0,4.0,15.650792,0.126985],"rotation":0,"texture":"#0","tintindex":0},"up":{"uv":[14.0,4.0,15.650792,0.126985],"rotation":0,"texture":"#0","tintindex":0},"down":{"uv":[14.0,4.0,15.650792,0.126985],"rotation":0,"texture":"#0","tintindex":0}}},{"from":[11.650638,4.3805065,7.7924895],"to":[12.019826,7.969466,8.237746],"rotation":{"angle":22.5,"axis":"z","origin":[6.5017,6.246929,7.424992]},"faces":{"east":{"uv":[14.0,4.0,15.650792,0.126985],"rotation":0,"texture":"#0","tintindex":0},"south":{"uv":[14.0,4.0,15.650792,0.126985],"rotation":0,"texture":"#0","tintindex":0},"north":{"uv":[14.0,4.0,15.650792,0.126985],"rotation":0,"texture":"#0","tintindex":0},"west":{"uv":[14.0,4.0,15.650792,0.126985],"rotation":0,"texture":"#0","tintindex":0},"up":{"uv":[14.0,4.0,15.650792,0.126985],"rotation":0,"texture":"#0","tintindex":0},"down":{"uv":[14.0,4.0,15.650792,0.126985],"rotation":0,"texture":"#0","tintindex":0}}},{"from":[11.856591,5.7266436,7.7924895],"to":[12.258968,7.6338778,8.237746],"rotation":{"angle":45.0,"axis":"z","origin":[6.5017,6.246929,7.424992]},"faces":{"east":{"uv":[14.0,4.0,15.650792,0.126985],"rotation":0,"texture":"#0","tintindex":0},"south":{"uv":[14.0,4.0,15.650792,0.126985],"rotation":0,"texture":"#0","tintindex":0},"north":{"uv":[14.0,4.0,15.650792,0.126985],"rotation":0,"texture":"#0","tintindex":0},"west":{"uv":[14.0,4.0,15.650792,0.126985],"rotation":0,"texture":"#0","tintindex":0},"up":{"uv":[14.0,4.0,15.650792,0.126985],"rotation":0,"texture":"#0","tintindex":0},"down":{"uv":[14.0,4.0,15.650792,0.126985],"rotation":0,"texture":"#0","tintindex":0}}},{"from":[5.7841454,11.692998,7.7924895],"to":[7.4235287,12.096724,8.237746],"rotation":{"angle":-22.5,"axis":"z","origin":[6.5017,6.246929,7.424992]},"faces":{"east":{"uv":[14.0,4.0,15.650792,0.126985],"rotation":270,"texture":"#0","tintindex":0},"south":{"uv":[14.0,4.0,15.650792,0.126985],"rotation":270,"texture":"#0","tintindex":0},"north":{"uv":[14.0,4.0,15.650792,0.126985],"rotation":270,"texture":"#0","tintindex":0},"west":{"uv":[14.0,4.0,15.650792,0.126985],"rotation":270,"texture":"#0","tintindex":0},"up":{"uv":[14.0,4.0,15.650792,0.126985],"rotation":270,"texture":"#0","tintindex":0},"down":{"uv":[14.0,4.0,15.650792,0.126985],"rotation":270,"texture":"#0","tintindex":0}}},{"from":[11.776504,0.11255407,7.7924895],"to":[12.128584,1.1902914,8.237746],"rotation":{"angle":-22.5,"axis":"z","origin":[11.952543,0.651423,8.015118]},"faces":{"east":{"uv":[14.0,4.0,15.650792,2.9841275],"rotation":0,"texture":"#0","tintindex":0},"south":{"uv":[14.0,4.0,15.650792,2.9841275],"rotation":0,"texture":"#0","tintindex":0},"north":{"uv":[14.0,4.0,15.650792,2.9841275],"rotation":0,"texture":"#0","tintindex":0},"west":{"uv":[14.0,4.0,15.650792,2.9841275],"rotation":0,"texture":"#0","tintindex":0},"up":{"uv":[14.0,4.0,15.650792,2.9841275],"rotation":0,"texture":"#0","tintindex":0},"down":{"uv":[14.0,4.0,15.650792,2.9841275],"rotation":0,"texture":"#0","tintindex":0}}}],"display":{"head":{"translation":[0.0,-6.4,0.0],"scale":[4.0,4.0,4.0]}}}