{"textures":{"0":"modelengine:entity/dragnute"},"elements":[{"from":[11.252216,6.722866,7.7924895],"to":[11.539268,8.584386,8.237746],"rotation":{"angle":45.0,"axis":"z","origin":[6.488593,6.129506,7.424992]},"faces":{"east":{"uv":[14.0,4.0,15.650792,0.126985],"rotation":0,"texture":"#0","tintindex":0},"south":{"uv":[14.0,4.0,15.650792,0.126985],"rotation":0,"texture":"#0","tintindex":0},"north":{"uv":[14.0,4.0,15.650792,0.126985],"rotation":0,"texture":"#0","tintindex":0},"west":{"uv":[14.0,4.0,15.650792,0.126985],"rotation":0,"texture":"#0","tintindex":0},"up":{"uv":[14.0,4.0,15.650792,0.126985],"rotation":0,"texture":"#0","tintindex":0},"down":{"uv":[14.0,4.0,15.650792,0.126985],"rotation":0,"texture":"#0","tintindex":0}}},{"from":[10.617027,5.484523,7.7924895],"to":[10.927736,8.610512,8.237746],"rotation":{"angle":22.5,"axis":"z","origin":[6.488593,6.129506,7.424992]},"faces":{"east":{"uv":[14.0,4.0,15.650792,0.126985],"rotation":0,"texture":"#0","tintindex":0},"south":{"uv":[14.0,4.0,15.650792,0.126985],"rotation":0,"texture":"#0","tintindex":0},"north":{"uv":[14.0,4.0,15.650792,0.126985],"rotation":0,"texture":"#0","tintindex":0},"west":{"uv":[14.0,4.0,15.650792,0.126985],"rotation":0,"texture":"#0","tintindex":0},"up":{"uv":[14.0,4.0,15.650792,0.126985],"rotation":0,"texture":"#0","tintindex":0},"down":{"uv":[14.0,4.0,15.650792,0.126985],"rotation":0,"texture":"#0","tintindex":0}}},{"from":[10.719919,4.430546,7.7924895],"to":[11.030616,6.5322948,8.237746],"rotation":{"angle":-22.5,"axis":"z","origin":[6.488593,6.129506,7.424992]},"faces":{"east":{"uv":[14.0,4.0,15.650792,0.126985],"rotation":0,"texture":"#0","tintindex":0},"south":{"uv":[14.0,4.0,15.650792,0.126985],"rotation":0,"texture":"#0","tintindex":0},"north":{"uv":[14.0,4.0,15.650792,0.126985],"rotation":0,"texture":"#0","tintindex":0},"west":{"uv":[14.0,4.0,15.650792,0.126985],"rotation":0,"texture":"#0","tintindex":0},"up":{"uv":[14.0,4.0,15.650792,0.126985],"rotation":0,"texture":"#0","tintindex":0},"down":{"uv":[14.0,4.0,15.650792,0.126985],"rotation":0,"texture":"#0","tintindex":0}}},{"from":[10.502719,4.7634716,7.7924895],"to":[10.839016,7.2266717,8.237746],"rotation":{"angle":0.0,"axis":"y","origin":[6.488593,6.129506,7.424992]},"faces":{"east":{"uv":[14.0,4.0,15.650792,0.126985],"rotation":0,"texture":"#0","tintindex":0},"south":{"uv":[14.0,4.0,15.650792,0.126985],"rotation":0,"texture":"#0","tintindex":0},"north":{"uv":[14.0,4.0,15.650792,0.126985],"rotation":0,"texture":"#0","tintindex":0},"west":{"uv":[14.0,4.0,15.650792,0.126985],"rotation":0,"texture":"#0","tintindex":0},"up":{"uv":[14.0,4.0,15.650792,0.126985],"rotation":0,"texture":"#0","tintindex":0},"down":{"uv":[14.0,4.0,15.650792,0.126985],"rotation":0,"texture":"#0","tintindex":0}}}],"display":{"head":{"translation":[0.0,-6.4,0.0],"scale":[4.0,4.0,4.0]}}}