{"textures":{"0":"modelengine:entity/dragnute"},"elements":[{"from":[8.280878,3.3925595,7.2690387],"to":[9.400936,4.206411,8.535759],"rotation":{"angle":22.5,"axis":"z","origin":[8.064021,5.3194284,7.9023986]},"faces":{"east":{"uv":[12.0,4.0,15.936507,0.0],"rotation":0,"texture":"#0","tintindex":0},"south":{"uv":[12.0,4.0,15.936507,0.0],"rotation":0,"texture":"#0","tintindex":0},"north":{"uv":[12.0,4.0,15.936507,0.0],"rotation":0,"texture":"#0","tintindex":0},"west":{"uv":[12.0,4.0,15.936507,0.0],"rotation":0,"texture":"#0","tintindex":0},"up":{"uv":[12.0,4.0,15.936507,0.0],"rotation":0,"texture":"#0","tintindex":0},"down":{"uv":[12.0,4.0,15.936507,0.0],"rotation":0,"texture":"#0","tintindex":0}}},{"from":[8.582593,4.18456,7.2690387],"to":[9.400936,4.54584,8.535759],"rotation":{"angle":22.5,"axis":"z","origin":[8.064021,5.3194284,7.9023986]},"faces":{"east":{"uv":[12.0,4.0,15.269842,1.9365075],"rotation":0,"texture":"#0","tintindex":0},"south":{"uv":[12.0,4.0,15.269842,1.9365075],"rotation":0,"texture":"#0","tintindex":0},"north":{"uv":[12.0,4.0,15.269842,1.9365075],"rotation":0,"texture":"#0","tintindex":0},"west":{"uv":[12.0,4.0,15.269842,1.9365075],"rotation":0,"texture":"#0","tintindex":0},"up":{"uv":[12.0,4.0,15.269842,1.9365075],"rotation":0,"texture":"#0","tintindex":0},"down":{"uv":[12.0,4.0,15.269842,1.9365075],"rotation":0,"texture":"#0","tintindex":0}}},{"from":[9.173004,3.6092224,7.306753],"to":[10.187393,8.232217,8.498044],"rotation":{"angle":22.5,"axis":"z","origin":[8.416776,3.1581478,7.9023986]},"faces":{"east":{"uv":[16.0,7.9365077,15.301587,6.0634923],"rotation":0,"texture":"#0","tintindex":0},"south":{"uv":[16.0,7.9365077,15.301587,6.0634923],"rotation":0,"texture":"#0","tintindex":0},"north":{"uv":[16.0,7.9365077,15.301587,6.0634923],"rotation":0,"texture":"#0","tintindex":0},"west":{"uv":[16.0,7.9365077,15.301587,6.0634923],"rotation":0,"texture":"#0","tintindex":0},"up":{"uv":[16.0,7.9365077,15.301587,6.0634923],"rotation":0,"texture":"#0","tintindex":0},"down":{"uv":[16.0,7.9365077,15.301587,6.0634923],"rotation":0,"texture":"#0","tintindex":0}}},{"from":[5.8398952,-0.85985184,7.231324],"to":[6.28857,-0.19685745,8.573473],"rotation":{"angle":45.0,"axis":"z","origin":[0.23736954,6.297931,7.9023986]},"faces":{"east":{"uv":[13.777778,4.0,16.0,1.7460325],"rotation":0,"texture":"#0","tintindex":0},"south":{"uv":[13.777778,4.0,16.0,1.7460325],"rotation":0,"texture":"#0","tintindex":0},"north":{"uv":[13.777778,4.0,16.0,1.7460325],"rotation":0,"texture":"#0","tintindex":0},"west":{"uv":[13.777778,4.0,16.0,1.7460325],"rotation":0,"texture":"#0","tintindex":0},"up":{"uv":[13.777778,4.0,16.0,1.7460325],"rotation":0,"texture":"#0","tintindex":0},"down":{"uv":[13.777778,4.0,16.0,1.7460325],"rotation":0,"texture":"#0","tintindex":0}}},{"from":[8.884307,4.486274,7.2690387],"to":[9.400936,5.111554,8.535759],"rotation":{"angle":22.5,"axis":"z","origin":[8.064021,5.3194284,7.9023986]},"faces":{"east":{"uv":[12.0,4.0,15.936507,0.0],"rotation":0,"texture":"#0","tintindex":0},"south":{"uv":[12.0,4.0,15.936507,0.0],"rotation":0,"texture":"#0","tintindex":0},"north":{"uv":[12.0,4.0,15.936507,0.0],"rotation":0,"texture":"#0","tintindex":0},"west":{"uv":[12.0,4.0,15.936507,0.0],"rotation":0,"texture":"#0","tintindex":0},"up":{"uv":[12.0,4.0,15.936507,0.0],"rotation":0,"texture":"#0","tintindex":0},"down":{"uv":[12.0,4.0,15.936507,0.0],"rotation":0,"texture":"#0","tintindex":0}}},{"from":[6.028467,-0.36956692,7.1558957],"to":[6.4771414,0.29342794,8.648902],"rotation":{"angle":45.0,"axis":"z","origin":[0.23736954,6.297931,7.9023986]},"faces":{"east":{"uv":[13.777778,4.0,16.0,1.7460325],"rotation":0,"texture":"#0","tintindex":0},"south":{"uv":[13.777778,4.0,16.0,1.7460325],"rotation":0,"texture":"#0","tintindex":0},"north":{"uv":[13.777778,4.0,16.0,1.7460325],"rotation":0,"texture":"#0","tintindex":0},"west":{"uv":[13.777778,4.0,16.0,1.7460325],"rotation":0,"texture":"#0","tintindex":0},"up":{"uv":[13.777778,4.0,16.0,1.7460325],"rotation":0,"texture":"#0","tintindex":0},"down":{"uv":[13.777778,4.0,16.0,1.7460325],"rotation":0,"texture":"#0","tintindex":0}}},{"from":[6.2547526,0.12071943,7.231324],"to":[6.703427,0.7837138,8.573473],"rotation":{"angle":45.0,"axis":"z","origin":[0.23736954,6.297931,7.9023986]},"faces":{"east":{"uv":[13.777778,4.0,16.0,1.7460325],"rotation":0,"texture":"#0","tintindex":0},"south":{"uv":[13.777778,4.0,16.0,1.7460325],"rotation":0,"texture":"#0","tintindex":0},"north":{"uv":[13.777778,4.0,16.0,1.7460325],"rotation":0,"texture":"#0","tintindex":0},"west":{"uv":[13.777778,4.0,16.0,1.7460325],"rotation":0,"texture":"#0","tintindex":0},"up":{"uv":[13.777778,4.0,16.0,1.7460325],"rotation":0,"texture":"#0","tintindex":0},"down":{"uv":[13.777778,4.0,16.0,1.7460325],"rotation":0,"texture":"#0","tintindex":0}}},{"from":[9.072879,6.4097023,7.2690387],"to":[9.400936,7.0349827,8.535759],"rotation":{"angle":22.5,"axis":"z","origin":[8.064021,5.3194284,7.9023986]},"faces":{"east":{"uv":[12.0,4.0,15.936507,0.0],"rotation":0,"texture":"#0","tintindex":0},"south":{"uv":[12.0,4.0,15.936507,0.0],"rotation":0,"texture":"#0","tintindex":0},"north":{"uv":[12.0,4.0,15.936507,0.0],"rotation":0,"texture":"#0","tintindex":0},"west":{"uv":[12.0,4.0,15.936507,0.0],"rotation":0,"texture":"#0","tintindex":0},"up":{"uv":[12.0,4.0,15.936507,0.0],"rotation":0,"texture":"#0","tintindex":0},"down":{"uv":[12.0,4.0,15.936507,0.0],"rotation":0,"texture":"#0","tintindex":0}}},{"from":[8.884307,7.013131,7.2690387],"to":[9.400936,7.638411,8.535759],"rotation":{"angle":22.5,"axis":"z","origin":[8.064021,5.3194284,7.9023986]},"faces":{"east":{"uv":[12.0,4.0,15.714285,1.5873024],"rotation":0,"texture":"#0","tintindex":0},"south":{"uv":[12.0,4.0,15.714285,1.5873024],"rotation":0,"texture":"#0","tintindex":0},"north":{"uv":[12.0,4.0,15.714285,1.5873024],"rotation":0,"texture":"#0","tintindex":0},"west":{"uv":[12.0,4.0,15.714285,1.5873024],"rotation":0,"texture":"#0","tintindex":0},"up":{"uv":[12.0,4.0,15.714285,1.5873024],"rotation":0,"texture":"#0","tintindex":0},"down":{"uv":[12.0,4.0,15.714285,1.5873024],"rotation":0,"texture":"#0","tintindex":0}}},{"from":[8.582593,7.6165595,7.2690387],"to":[9.400936,7.9401255,8.535759],"rotation":{"angle":22.5,"axis":"z","origin":[8.064021,5.3194284,7.9023986]},"faces":{"east":{"uv":[12.0,4.0,15.714285,1.5873024],"rotation":0,"texture":"#0","tintindex":0},"south":{"uv":[12.0,4.0,15.714285,1.5873024],"rotation":0,"texture":"#0","tintindex":0},"north":{"uv":[12.0,4.0,15.714285,1.5873024],"rotation":0,"texture":"#0","tintindex":0},"west":{"uv":[12.0,4.0,15.714285,1.5873024],"rotation":0,"texture":"#0","tintindex":0},"up":{"uv":[12.0,4.0,15.714285,1.5873024],"rotation":0,"texture":"#0","tintindex":0},"down":{"uv":[12.0,4.0,15.714285,1.5873024],"rotation":0,"texture":"#0","tintindex":0}}},{"from":[8.280878,7.918274,7.2690387],"to":[9.400936,8.279554,8.535759],"rotation":{"angle":22.5,"axis":"z","origin":[8.064021,5.3194284,7.9023986]},"faces":{"east":{"uv":[12.0,4.0,15.714285,1.5873024],"rotation":0,"texture":"#0","tintindex":0},"south":{"uv":[12.0,4.0,15.714285,1.5873024],"rotation":0,"texture":"#0","tintindex":0},"north":{"uv":[12.0,4.0,15.714285,1.5873024],"rotation":0,"texture":"#0","tintindex":0},"west":{"uv":[12.0,4.0,15.714285,1.5873024],"rotation":0,"texture":"#0","tintindex":0},"up":{"uv":[12.0,4.0,15.714285,1.5873024],"rotation":0,"texture":"#0","tintindex":0},"down":{"uv":[12.0,4.0,15.714285,1.5873024],"rotation":0,"texture":"#0","tintindex":0}}},{"from":[9.072879,5.1274166,7.2690387],"to":[9.400936,5.752697,8.535759],"rotation":{"angle":22.5,"axis":"z","origin":[8.064021,5.3194284,7.9023986]},"faces":{"east":{"uv":[8.0,4.0,12.0,8.0],"rotation":0,"texture":"#0","tintindex":0},"south":{"uv":[8.0,8.0,11.936507,4.0],"rotation":0,"texture":"#0","tintindex":0},"north":{"uv":[8.0,8.0,11.936507,4.0],"rotation":0,"texture":"#0","tintindex":0},"west":{"uv":[8.0,8.0,11.936507,4.0],"rotation":0,"texture":"#0","tintindex":0},