{"textures":{"0":"modelengine:entity/dragnute"},"elements":[{"from":[7.3596687,1.3827715,6.2672114],"to":[8.694629,1.690474,8.5899315],"rotation":{"angle":0.0,"axis":"y","origin":[4.397143,12.085697,7.805714]},"faces":{"east":{"uv":[4.0,4.0,8.0,8.0],"rotation":0,"texture":"#0","tintindex":0},"south":{"uv":[4.0,4.0,8.0,8.0],"rotation":0,"texture":"#0","tintindex":0},"north":{"uv":[4.0,4.0,8.0,8.0],"rotation":0,"texture":"#0","tintindex":0},"west":{"uv":[4.0,4.0,8.0,8.0],"rotation":0,"texture":"#0","tintindex":0},"up":{"uv":[4.0,4.0,8.0,8.0],"rotation":0,"texture":"#0","tintindex":0},"down":{"uv":[4.0,4.0,8.0,8.0],"rotation":0,"texture":"#0","tintindex":0}}},{"from":[7.7368116,1.477057,6.288743],"to":[7.8659086,2.1215258,6.3727884],"rotation":{"angle":0.0,"axis":"y","origin":[4.3028574,12.085697,7.805714]},"faces":{"east":{"uv":[4.0,4.0,4.190475,4.15873],"rotation":0,"texture":"#0","tintindex":0},"south":{"uv":[4.0,4.0,8.0,4.761905],"rotation":0,"texture":"#0","tintindex":0},"north":{"uv":[4.0,4.0,8.0,4.761905],"rotation":0,"texture":"#0","tintindex":0},"west":{"uv":[4.0,4.0,4.0952377,4.0952377],"rotation":0,"texture":"#0","tintindex":0},"up":{"uv":[4.0,4.0,8.0,4.761905],"rotation":0,"texture":"#0","tintindex":0},"down":{"uv":[4.0,4.0,8.0,4.761905],"rotation":0,"texture":"#0","tintindex":0}}},{"from":[7.511097,1.5788283,6.832926],"to":[8.571772,2.1475368,8.4956455],"rotation":{"angle":0.0,"axis":"y","origin":[4.4542856,12.085697,7.805714]},"faces":{"east":{"uv":[15.84127,7.4920626,15.714285,7.714285],"rotation":0,"texture":"#0","tintindex":0},"south":{"uv":[15.84127,7.4920626,15.714285,7.714285],"rotation":0,"texture":"#0","tintindex":0},"north":{"uv":[15.84127,7.4920626,15.714285,7.714285],"rotation":0,"texture":"#0","tintindex":0},"west":{"uv":[15.84127,7.4920626,15.714285,7.714285],"rotation":0,"texture":"#0","tintindex":0},"up":{"uv":[15.84127,7.4920626,15.714285,7.714285],"rotation":0,"texture":"#0","tintindex":0},"down":{"uv":[15.84127,7.4920626,15.714285,7.714285],"rotation":0,"texture":"#0","tintindex":0}}},{"from":[7.831097,1.4014797,5.5165143],"to":[7.940343,2.2156281,5.6137943],"rotation":{"angle":-45.0,"axis":"y","origin":[6.1885715,1.7142687,7.428571]},"faces":{"east":{"uv":[4.0,4.0,8.0,4.761905],"rotation":180,"texture":"#0","tintindex":0},"south":{"uv":[4.0,4.0,8.0,4.761905],"rotation":180,"texture":"#0","tintindex":0},"north":{"uv":[4.0,4.0,8.0,4.761905],"rotation":180,"texture":"#0","tintindex":0},"west":{"uv":[4.0,4.0,8.0,4.761905],"rotation":180,"texture":"#0","tintindex":0},"up":{"uv":[4.0,4.0,8.0,4.761905],"rotation":180,"texture":"#0","tintindex":0},"down":{"uv":[4.0,4.0,8.0,4.761905],"rotation":180,"texture":"#0","tintindex":0}}},{"from":[7.42824,1.0056281,6.6443543],"to":[8.626057,1.480051,6.8927884],"rotation":{"angle":0.0,"axis":"y","origin":[4.397143,12.085697,7.805714]},"faces":{"east":{"uv":[4.0,4.0,8.0,8.0],"rotation":0,"texture":"#0","tintindex":0},"south":{"uv":[4.0,4.0,8.0,8.0],"rotation":0,"texture":"#0","tintindex":0},"north":{"uv":[4.0,4.0,8.0,8.0],"rotation":0,"texture":"#0","tintindex":0},"west":{"uv":[4.0,4.0,8.0,8.0],"rotation":0,"texture":"#0","tintindex":0},"up":{"uv":[4.0,4.0,8.0,8.0],"rotation":0,"texture":"#0","tintindex":0},"down":{"uv":[4.0,4.0,8.0,8.0],"rotation":0,"texture":"#0","tintindex":0}}},{"from":[7.42824,1.0056281,7.8700686],"to":[8.626057,1.480051,8.118503],"rotation":{"angle":0.0,"axis":"y","origin":[4.397143,12.085697,7.805714]},"faces":{"east":{"uv":[4.0,4.0,8.0,8.0],"rotation":0,"texture":"#0","tintindex":0},"south":{"uv":[4.0,4.0,8.0,8.0],"rotation":0,"texture":"#0","tintindex":0},"north":{"uv":[4.0,4.0,8.0,8.0],"rotation":0,"texture":"#0","tintindex":0},"west":{"uv":[4.0,4.0,8.0,8.0],"rotation":0,"texture":"#0","tintindex":0},"up":{"uv":[4.0,4.0,8.0,8.0],"rotation":0,"texture":"#0","tintindex":0},"down":{"uv":[4.0,4.0,8.0,8.0],"rotation":0,"texture":"#0","tintindex":0}}},{"from":[7.511097,1.6731138,6.3996115],"to":[8.571772,1.968051,8.295646],"rotation":{"angle":0.0,"axis":"y","origin":[4.4542856,12.085697,7.805714]},"faces":{"east":{"uv":[15.84127,7.4920626,15.84127,7.714285],"rotation":0,"texture":"#0","tintindex":0},"south":{"uv":[15.84127,7.4920626,15.84127,7.714285],"rotation":0,"texture":"#0","tintindex":0},"north":{"uv":[15.84127,7.4920626,15.84127,7.714285],"rotation":0,"texture":"#0","tintindex":0},"west":{"uv":[15.84127,7.4920626,15.84127,7.714285],"rotation":0,"texture":"#0","tintindex":0},"up":{"uv":[15.84127,7.4920626,15.84127,7.714285],"rotation":0,"texture":"#0","tintindex":0},"down":{"uv":[15.84127,7.4920626,15.84127,7.714285],"rotation":0,"texture":"#0","tintindex":0}}},{"from":[7.265383,2.0614796,5.87136],"to":[7.3746285,2.2156281,6.911497],"rotation":{"angle":-22.5,"axis":"y","origin":[6.0,1.7142687,7.428571]},"faces":{"east":{"uv":[4.0,4.0,8.0,4.761905],"rotation":180,"texture":"#0","tintindex":0},"south":{"uv":[4.0,4.0,8.0,4.761905],"rotation":180,"texture":"#0","tintindex":0},"north":{"uv":[4.0,4.0,8.0,4.761905],"rotation":180,"texture":"#0","tintindex":0},"west":{"uv":[4.0,4.0,8.0,4.761905],"rotation":180,"texture":"#0","tintindex":0},"up":{"uv":[4.0,4.0,8.0,4.761905],"rotation":180,"texture":"#0","tintindex":0},"down":{"uv":[4.0,4.0,8.0,4.761905],"rotation":180,"texture":"#0","tintindex":0}}},{"from":[7.511097,1.7673998,6.6443543],"to":[8.571772,2.328714,7.1133714],"rotation":{"angle":-22.5,"axis":"x","origin":[6.0571427,1.5331826,7.428571]},"faces":{"east":{"uv":[15.84127,7.4920626,15.714285,7.714285],"rotation":0,"texture":"#0","tintindex":0},"south":{"uv":[15.84127,7.4920626,15.714285,7.714285],"rotation":0,"texture":"#0","tintindex":0},"north":{"uv":[15.84127,7.4920626,15.714285,7.714285],"rotation":0,"texture":"#0","tintindex":0},"west":{"uv":[15.84127,7.4920626,15.714285,7.714285],"rotation":0,"texture":"#0","tintindex":0},"up":{"uv":[15.84127,7.4920626,15.714285,7.714285],"rotation":0,"texture":"#0","tintindex":0},"down":{"uv":[15.84127,7.4920626,15.714285,7.714285],"rotation":0,"texture":"#0","tintindex":0}}},{"from":[7.0768113,1.4014797,6.5313597],"to":[7.186057,2.2156281,6.62864],"rotation":{"angle":-45.0,"axis":"y","origin":[6.1885715,1.7142687,7.428571]},"faces":{"east":{"uv":[4.0,4.0,8.0,4.761905],"rotation":180,"texture":"#0","tintindex":0},"south":{"uv":[4.0,4.0,8.0,4.761905],"rotation":180,"texture":"#0","tintindex":0},"north":{"uv":[4.0,4.0,8.0,4.761905],"rotation":180,"texture":"#0","tintindex":0},"west":{"uv":[4.0,4.0,8.0,4.761905],"rotation":180,"texture":"#0","tintindex":0},"up":{"uv":[4.0,4.0,8.0,4.761905],"rotation":180,"texture":"#0","tintindex":0},"down":{"uv":[4.0,4.0,8.0,4.761905],"rotation":180,"texture":"#0","tintindex":0}}},{"from":[7.9479313,2.1377425,7.3885145],"to":[8.531611,5.427263,8.485657],"rotation":{"angle":0.0,"axis":"y","origin":[5.996537,11.503994,7.7715883]},"faces":{"east":{"uv":[16.0,7.2698426,14.09375,8.0],"rotation":270,"texture":"#0","tintindex":0},"south":{"uv":[16.0,7.2698426,14.09375,8.0],"rotation":270,"texture":"#0","tintindex":0},"north":{"uv":[16.0,7.2698426,14.09375,8.0],"rotation":270,"texture":"#0","tintindex":0},"west":{"uv":[16.0,7.2698426,14.09375,8.0],"rotation":270,"texture":"#0","tintindex":0},"up":{"uv":[16.0,7.2698426,14.09375,8.0],"rotation":270,"texture":"#0","tintindex":0},"down":{"uv":[16.0,7.2698426,14.09375,8.0],"rotation":270,"texture":"#0","tintindex":0}}},{"from":[7.5022173,2.1377425,7.3885145],"to":[7.9487543,5.427263,8.485657],"rotation":{"angle":0.0,"axis":"y","origin":[5.996537,11.503994,7.7715883]},"faces":{"east":{"uv":[16.0,7.2698426,14.09375,8.0],"rotation":270,"texture":"#0","tintindex":0},"south":{"uv":[16.0,7.2698426,14.09375,8.0],"rotation":270,"texture":"#0","tintindex":0},"north":{"uv":[16.0,7.2698426,14.09375,8.0],"rotation":270,"texture":"#0","tintindex":0},"west":{"uv":[16.0,7.2698426,14.09375,8.0],"rotation":270,"texture":"#0","tintindex":0},"up":{"uv":[16.0,7.2698426,14.09375,8.0],"rotation":270,"texture":"#0","tintindex":0},"down":{"uv":[16.0,7.2698426,14.09375,8.0],