{"textures":{"0":"modelengine:entity/dragnute"},"elements":[{"from":[5.743598,4.905611,6.6589017],"to":[5.9689927,6.33456,7.3581934],"rotation":{"angle":-22.5,"axis":"y","origin":[5.705438,5.6578054,6.734262]},"faces":{"east":{"uv":[13.36508,2.5714276,13.492063,2.6666675],"rotation":270,"texture":"#0","tintindex":0},"south":{"uv":[13.36508,2.5714276,13.492063,2.6666675],"rotation":270,"texture":"#0","tintindex":0},"north":{"uv":[13.36508,2.5714276,13.492063,2.6666675],"rotation":270,"texture":"#0","tintindex":0},"west":{"uv":[13.36508,2.5714276,13.492063,2.6666675],"rotation":270,"texture":"#0","tintindex":0},"up":{"uv":[13.36508,2.5714276,13.492063,2.6666675],"rotation":270,"texture":"#0","tintindex":0},"down":{"uv":[13.36508,2.5714276,13.492063,2.6666675],"rotation":270,"texture":"#0","tintindex":0}}},{"from":[5.842661,4.905611,6.6738048],"to":[6.5029354,6.33456,6.8991876],"rotation":{"angle":22.5,"axis":"y","origin":[5.938593,5.676663,6.409359]},"faces":{"east":{"uv":[14.063493,3.11111,14.15873,3.1428576],"rotation":270,"texture":"#0","tintindex":0},"south":{"uv":[14.063493,3.11111,14.15873,3.1428576],"rotation":270,"texture":"#0","tintindex":0},"north":{"uv":[14.063493,3.11111,14.15873,3.1428576],"rotation":270,"texture":"#0","tintindex":0},"west":{"uv":[14.063493,3.11111,14.15873,3.1428576],"rotation":270,"texture":"#0","tintindex":0},"up":{"uv":[14.063493,3.11111,14.15873,3.1428576],"rotation":270,"texture":"#0","tintindex":0},"down":{"uv":[14.063493,3.11111,14.15873,3.1428576],"rotation":270,"texture":"#0","tintindex":0}}},{"from":[7.3642726,4.935714,9.276616],"to":[8.4966955,6.340663,9.506193],"rotation":{"angle":0.0,"axis":"y","origin":[6.5559525,9.58368,7.8562617]},"faces":{"east":{"uv":[13.52381,3.3015876,13.68254,3.4285724],"rotation":0,"texture":"#0","tintindex":0},"south":{"uv":[13.52381,3.3015876,13.68254,3.4285724],"rotation":0,"texture":"#0","tintindex":0},"north":{"uv":[13.52381,3.3015876,13.68254,3.4285724],"rotation":0,"texture":"#0","tintindex":0},"west":{"uv":[13.52381,3.3015876,13.68254,3.4285724],"rotation":0,"texture":"#0","tintindex":0},"up":{"uv":[13.52381,3.3015876,13.68254,3.4285724],"rotation":0,"texture":"#0","tintindex":0},"down":{"uv":[13.52381,3.3015876,13.68254,3.4285724],"rotation":0,"texture":"#0","tintindex":0}}},{"from":[9.487644,4.905611,6.1810274],"to":[10.250776,6.33456,6.4064217],"rotation":{"angle":-22.5,"axis":"y","origin":[8.778273,5.676663,5.803439]},"faces":{"east":{"uv":[14.063493,3.11111,14.15873,3.1428576],"rotation":270,"texture":"#0","tintindex":0},"south":{"uv":[14.063493,3.11111,14.15873,3.1428576],"rotation":270,"texture":"#0","tintindex":0},"north":{"uv":[14.063493,3.11111,14.15873,3.1428576],"rotation":270,"texture":"#0","tintindex":0},"west":{"uv":[14.063493,3.11111,14.15873,3.1428576],"rotation":270,"texture":"#0","tintindex":0},"up":{"uv":[14.063493,3.11111,14.15873,3.1428576],"rotation":270,"texture":"#0","tintindex":0},"down":{"uv":[14.063493,3.11111,14.15873,3.1428576],"rotation":270,"texture":"#0","tintindex":0}}},{"from":[8.537884,4.905611,6.425016],"to":[8.78673,5.957417,6.6846848],"rotation":{"angle":0.0,"axis":"y","origin":[9.51809,5.4598055,6.6405706]},"faces":{"east":{"uv":[6.6984124,6.190475,6.79365,6.2539673],"rotation":270,"texture":"#0","tintindex":0},"south":{"uv":[6.6984124,6.190475,6.79365,6.2539673],"rotation":270,"texture":"#0","tintindex":0},"north":{"uv":[6.6984124,6.190475,6.79365,6.2539673],"rotation":270,"texture":"#0","tintindex":0},"west":{"uv":[6.6984124,6.190475,6.79365,6.2539673],"rotation":270,"texture":"#0","tintindex":0},"up":{"uv":[6.6984124,6.190475,6.79365,6.2539673],"rotation":270,"texture":"#0","tintindex":0},"down":{"uv":[6.6984124,6.190475,6.79365,6.2539673],"rotation":270,"texture":"#0","tintindex":0}}},{"from":[8.640741,4.905611,6.459302],"to":[9.301016,6.33456,6.6846848],"rotation":{"angle":0.0,"axis":"y","origin":[9.51809,5.4598055,6.6405706]},"faces":{"east":{"uv":[13.587302,3.36508,13.68254,3.396825],"rotation":270,"texture":"#0","tintindex":0},"south":{"uv":[13.587302,3.36508,13.68254,3.396825],"rotation":270,"texture":"#0","tintindex":0},"north":{"uv":[13.587302,3.36508,13.68254,3.396825],"rotation":270,"texture":"#0","tintindex":0},"west":{"uv":[13.587302,3.36508,13.68254,3.396825],"rotation":270,"texture":"#0","tintindex":0},"up":{"uv":[13.587302,3.36508,13.68254,3.396825],"rotation":270,"texture":"#0","tintindex":0},"down":{"uv":[13.587302,3.36508,13.68254,3.396825],"rotation":270,"texture":"#0","tintindex":0}}},{"from":[7.335164,4.905611,6.3907304],"to":[7.5840096,6.163131,6.650399],"rotation":{"angle":0.0,"axis":"y","origin":[9.346662,5.4598055,6.6062846]},"faces":{"east":{"uv":[6.6984124,6.190475,6.79365,6.2539673],"rotation":270,"texture":"#0","tintindex":0},"south":{"uv":[6.6984124,6.190475,6.79365,6.2539673],"rotation":270,"texture":"#0","tintindex":0},"north":{"uv":[6.6984124,6.190475,6.79365,6.2539673],"rotation":270,"texture":"#0","tintindex":0},"west":{"uv":[6.6984124,6.190475,6.79365,6.2539673],"rotation":270,"texture":"#0","tintindex":0},"up":{"uv":[6.6984124,6.190475,6.79365,6.2539673],"rotation":270,"texture":"#0","tintindex":0},"down":{"uv":[6.6984124,6.190475,6.79365,6.2539673],"rotation":270,"texture":"#0","tintindex":0}}},{"from":[6.6151643,4.939897,6.425016],"to":[7.34401,6.3002744,6.650399],"rotation":{"angle":0.0,"axis":"y","origin":[9.209518,5.4598055,6.6062846]},"faces":{"east":{"uv":[13.587302,3.36508,13.68254,3.396825],"rotation":270,"texture":"#0","tintindex":0},"south":{"uv":[13.587302,3.36508,13.68254,3.396825],"rotation":270,"texture":"#0","tintindex":0},"north":{"uv":[13.587302,3.36508,13.68254,3.396825],"rotation":270,"texture":"#0","tintindex":0},"west":{"uv":[13.587302,3.36508,13.68254,3.396825],"rotation":270,"texture":"#0","tintindex":0},"up":{"uv":[13.587302,3.36508,13.68254,3.396825],"rotation":270,"texture":"#0","tintindex":0},"down":{"uv":[13.587302,3.36508,13.68254,3.396825],"rotation":270,"texture":"#0","tintindex":0}}},{"from":[10.290433,4.905611,6.7388105],"to":[10.515816,6.33456,7.438102],"rotation":{"angle":22.5,"axis":"y","origin":[10.149884,5.6295195,7.7959647]},"faces":{"east":{"uv":[13.36508,2.5714276,13.492063,2.6666675],"rotation":270,"texture":"#0","tintindex":0},"south":{"uv":[13.36508,2.5714276,13.492063,2.6666675],"rotation":270,"texture":"#0","tintindex":0},"north":{"uv":[13.36508,2.5714276,13.492063,2.6666675],"rotation":270,"texture":"#0","tintindex":0},"west":{"uv":[13.36508,2.5714276,13.492063,2.6666675],"rotation":270,"texture":"#0","tintindex":0},"up":{"uv":[13.36508,2.5714276,13.492063,2.6666675],"rotation":270,"texture":"#0","tintindex":0},"down":{"uv":[13.36508,2.5714276,13.492063,2.6666675],"rotation":270,"texture":"#0","tintindex":0}}},{"from":[10.322067,4.905611,8.140719],"to":[10.5474615,6.33456,8.942867],"rotation":{"angle":-22.5,"axis":"y","origin":[10.149884,5.6295195,7.7959647]},"faces":{"east":{"uv":[14.0,2.79365,14.126985,2.920635],"rotation":270,"texture":"#0","tintindex":0},"south":{"uv":[14.0,2.79365,14.126985,2.920635],"rotation":270,"texture":"#0","tintindex":0},"north":{"uv":[14.0,2.79365,14.126985,2.920635],"rotation":270,"texture":"#0","tintindex":0},"west":{"uv":[14.0,2.79365,14.126985,2.920635],"rotation":270,"texture":"#0","tintindex":0},"up":{"uv":[14.0,2.79365,14.126985,2.920635],"rotation":270,"texture":"#0","tintindex":0},"down":{"uv":[14.0,2.79365,14.126985,2.920635],"rotation":270,"texture":"#0","tintindex":0}}},{"from":[8.44193,4.905611,9.545702],"to":[9.830364,6.3917027,9.771085],"rotation":{"angle":22.5,"axis":"y","origin":[7.9503756,5.676663,9.195656]},"faces":{"east":{"uv":[14.031745,3.11111,14.126985,3.1746025],"rotation":270,"texture":"#0","tintindex":0},"south":{"uv":[14.031745,3.11111,14.126985,3.1746025],"rotation":270,"texture":"#0","tintindex":0},"north":{"uv":[14.031745,3.11111,14.126985,3.1746025],"rotation":270,"texture":"#0","tintindex":0},"west":{"uv":[14.031745,3.11111,14.126985,3.1746025],"rotation":270,"texture":"#0",