{"textures":{"0":"modelengine:entity/dragnute"},"elements":[{"from":[8.050871,7.157954,8.36498],"to":[8.163122,8.247486,9.084843],"rotation":{"angle":22.5,"axis":"x","origin":[8.106997,7.8441486,8.724911]},"faces":{"east":{"uv":[0.63492,9.015873,0.6666675,9.04762],"rotation":270,"texture":"#0","tintindex":0},"south":{"uv":[0.63492,9.015873,0.6666675,9.04762],"rotation":270,"texture":"#0","tintindex":0},"north":{"uv":[0.63492,9.015873,0.6666675,9.04762],"rotation":270,"texture":"#0","tintindex":0},"west":{"uv":[0.63492,9.015873,0.6666675,9.04762],"rotation":270,"texture":"#0","tintindex":0},"up":{"uv":[0.63492,9.015873,0.6666675,9.04762],"rotation":270,"texture":"#0","tintindex":0},"down":{"uv":[0.63492,9.015873,0.6666675,9.04762],"rotation":270,"texture":"#0","tintindex":0}}},{"from":[8.050871,7.3465257,9.307837],"to":[8.163122,8.436057,10.027699],"rotation":{"angle":45.0,"axis":"x","origin":[8.106997,7.8441486,8.724911]},"faces":{"east":{"uv":[0.63492,9.015873,0.6666675,9.04762],"rotation":270,"texture":"#0","tintindex":0},"south":{"uv":[0.63492,9.015873,0.6666675,9.04762],"rotation":270,"texture":"#0","tintindex":0},"north":{"uv":[0.63492,9.015873,0.6666675,9.04762],"rotation":270,"texture":"#0","tintindex":0},"west":{"uv":[0.63492,9.015873,0.6666675,9.04762],"rotation":270,"texture":"#0","tintindex":0},"up":{"uv":[0.63492,9.015873,0.6666675,9.04762],"rotation":270,"texture":"#0","tintindex":0},"down":{"uv":[0.63492,9.015873,0.6666675,9.04762],"rotation":270,"texture":"#0","tintindex":0}}},{"from":[8.050871,5.88136,8.793002],"to":[8.163122,6.4126515,9.882534],"rotation":{"angle":-22.5,"axis":"x","origin":[8.106997,7.8441486,8.724911]},"faces":{"east":{"uv":[0.63492,9.015873,0.6666675,9.04762],"rotation":90,"texture":"#0","tintindex":0},"south":{"uv":[0.63492,9.015873,0.6666675,9.04762],"rotation":90,"texture":"#0","tintindex":0},"north":{"uv":[0.63492,9.015873,0.6666675,9.04762],"rotation":90,"texture":"#0","tintindex":0},"west":{"uv":[0.63492,9.015873,0.6666675,9.04762],"rotation":90,"texture":"#0","tintindex":0},"up":{"uv":[0.63492,9.015873,0.6666675,9.04762],"rotation":90,"texture":"#0","tintindex":0},"down":{"uv":[0.63492,9.015873,0.6666675,9.04762],"rotation":90,"texture":"#0","tintindex":0}}},{"from":[8.050871,5.4728003,9.521242],"to":[8.163122,6.0040913,10.610774],"rotation":{"angle":0.0,"axis":"y","origin":[8.012711,7.8498745,8.698865]},"faces":{"east":{"uv":[0.63492,9.015873,0.6666675,9.04762],"rotation":90,"texture":"#0","tintindex":0},"south":{"uv":[0.63492,9.015873,0.6666675,9.04762],"rotation":90,"texture":"#0","tintindex":0},"north":{"uv":[0.63492,9.015873,0.6666675,9.04762],"rotation":90,"texture":"#0","tintindex":0},"west":{"uv":[0.63492,9.015873,0.6666675,9.04762],"rotation":90,"texture":"#0","tintindex":0},"up":{"uv":[0.63492,9.015873,0.6666675,9.04762],"rotation":90,"texture":"#0","tintindex":0},"down":{"uv":[0.63492,9.015873,0.6666675,9.04762],"rotation":90,"texture":"#0","tintindex":0}}},{"from":[8.050871,4.184217,8.415859],"to":[8.163122,4.7155085,9.505391],"rotation":{"angle":-22.5,"axis":"x","origin":[8.106997,7.8441486,8.724911]},"faces":{"east":{"uv":[0.63492,9.015873,0.6666675,9.04762],"rotation":90,"texture":"#0","tintindex":0},"south":{"uv":[0.63492,9.015873,0.6666675,9.04762],"rotation":90,"texture":"#0","tintindex":0},"north":{"uv":[0.63492,9.015873,0.6666675,9.04762],"rotation":90,"texture":"#0","tintindex":0},"west":{"uv":[0.63492,9.015873,0.6666675,9.04762],"rotation":90,"texture":"#0","tintindex":0},"up":{"uv":[0.63492,9.015873,0.6666675,9.04762],"rotation":90,"texture":"#0","tintindex":0},"down":{"uv":[0.63492,9.015873,0.6666675,9.04762],"rotation":90,"texture":"#0","tintindex":0}}},{"from":[8.050871,3.496914,6.9573336],"to":[8.163122,3.93392,8.046865],"rotation":{"angle":-45.0,"axis":"x","origin":[8.106997,7.816846,8.774957]},"faces":{"east":{"uv":[0.63492,9.015873,0.6666675,9.04762],"rotation":90,"texture":"#0","tintindex":0},"south":{"uv":[0.63492,9.015873,0.6666675,9.04762],"rotation":90,"texture":"#0","tintindex":0},"north":{"uv":[0.63492,9.015873,0.6666675,9.04762],"rotation":90,"texture":"#0","tintindex":0},"west":{"uv":[0.63492,9.015873,0.6666675,9.04762],"rotation":90,"texture":"#0","tintindex":0},"up":{"uv":[0.63492,9.015873,0.6666675,9.04762],"rotation":90,"texture":"#0","tintindex":0},"down":{"uv":[0.63492,9.015873,0.6666675,9.04762],"rotation":90,"texture":"#0","tintindex":0}}},{"from":[8.050871,2.6756454,7.0015736],"to":[8.163122,3.1126509,7.9025335],"rotation":{"angle":-45.0,"axis":"x","origin":[8.106997,7.8441486,8.724911]},"faces":{"east":{"uv":[0.63492,9.015873,0.6666675,9.04762],"rotation":90,"texture":"#0","tintindex":0},"south":{"uv":[0.63492,9.015873,0.6666675,9.04762],"rotation":90,"texture":"#0","tintindex":0},"north":{"uv":[0.63492,9.015873,0.6666675,9.04762],"rotation":90,"texture":"#0","tintindex":0},"west":{"uv":[0.63492,9.015873,0.6666675,9.04762],"rotation":90,"texture":"#0","tintindex":0},"up":{"uv":[0.63492,9.015873,0.6666675,9.04762],"rotation":90,"texture":"#0","tintindex":0},"down":{"uv":[0.63492,9.015873,0.6666675,9.04762],"rotation":90,"texture":"#0","tintindex":0}}},{"from":[8.050871,4.17096,13.524591],"to":[8.163122,5.0719085,13.8673115],"rotation":{"angle":22.5,"axis":"x","origin":[8.106997,7.8742857,8.698808]},"faces":{"east":{"uv":[0.63492,9.015873,0.6666675,9.04762],"rotation":270,"texture":"#0","tintindex":0},"south":{"uv":[0.63492,9.015873,0.6666675,9.04762],"rotation":270,"texture":"#0","tintindex":0},"north":{"uv":[0.63492,9.015873,0.6666675,9.04762],"rotation":270,"texture":"#0","tintindex":0},"west":{"uv":[0.63492,9.015873,0.6666675,9.04762],"rotation":270,"texture":"#0","tintindex":0},"up":{"uv":[0.63492,9.015873,0.6666675,9.04762],"rotation":270,"texture":"#0","tintindex":0},"down":{"uv":[0.63492,9.015873,0.6666675,9.04762],"rotation":270,"texture":"#0","tintindex":0}}},{"from":[8.050871,2.4276567,12.928488],"to":[8.163122,3.1475196,13.271208],"rotation":{"angle":0.0,"axis":"y","origin":[8.012711,7.922423,8.951277]},"faces":{"east":{"uv":[0.63492,9.015873,0.6666675,9.04762],"rotation":270,"texture":"#0","tintindex":0},"south":{"uv":[0.63492,9.015873,0.6666675,9.04762],"rotation":270,"texture":"#0","tintindex":0},"north":{"uv":[0.63492,9.015873,0.6666675,9.04762],"rotation":270,"texture":"#0","tintindex":0},"west":{"uv":[0.63492,9.015873,0.6666675,9.04762],"rotation":270,"texture":"#0","tintindex":0},"up":{"uv":[0.63492,9.015873,0.6666675,9.04762],"rotation":270,"texture":"#0","tintindex":0},"down":{"uv":[0.63492,9.015873,0.6666675,9.04762],"rotation":270,"texture":"#0","tintindex":0}}},{"from":[7.5794425,7.3465257,7.2335505],"to":[8.634551,8.341771,8.330557],"rotation":{"angle":45.0,"axis":"z","origin":[8.106997,7.8441486,6.839196]},"faces":{"east":{"uv":[0.63492,9.015873,0.6666675,9.04762],"rotation":270,"texture":"#0","tintindex":0},"south":{"uv":[0.63492,9.015873,0.6666675,9.04762],"rotation":270,"texture":"#0","tintindex":0},"north":{"uv":[0.63492,9.015873,0.6666675,9.04762],"rotation":270,"texture":"#0","tintindex":0},"west":{"uv":[0.63492,9.015873,0.6666675,9.04762],"rotation":270,"texture":"#0","tintindex":0},"up":{"uv":[0.63492,9.015873,0.6666675,9.04762],"rotation":270,"texture":"#0","tintindex":0},"down":{"uv":[0.63492,9.015873,0.6666675,9.04762],"rotation":270,"texture":"#0","tintindex":0}}},{"from":[7.5753164,7.25224,8.176408],"to":[8.631316,8.1532,9.273414],"rotation":{"angle":22.5,"axis":"x","origin":[8.106997,7.8441486,8.724911]},"faces":{"east":{"uv":[12.0,0.0,14.126985,1.4603175],"rotation":270,"texture":"#0","tintindex":0},"south":{"uv":[12.0,0.0,14.126985,1.4603175],"rotation":270,"texture":"#0","tintindex":0},"north":{"uv":[12.0,0.0,14.126985,1.4603175],"rotation":270,"texture":"#0","tintindex":0},"west":{"uv":[12.0,0.0,14.126985,1.4603175],"rotation":270,"texture":"#0","tintindex":0},"up":{"uv":[12.0,0.0,14.126985,1.4603175],"rotation":270,"texture":"#0","tintindex":0},"down":{"uv":[12.0,0.0,14.126985,1.4603175],"rotation":270,