{"textures":{"0":"modelengine:entity/dragnute"},"elements":[{"from":[7.551703,5.639657,7.3499064],"to":[8.515234,6.983223,8.438341],"rotation":{"angle":0.0,"axis":"y","origin":[6.3806057,12.592183,7.8512664]},"faces":{"east":{"uv":[2.285715,2.5714276,2.4126976,2.6666675],"rotation":0,"texture":"#0","tintindex":0},"south":{"uv":[2.285715,2.5714276,2.4126976,2.6666675],"rotation":0,"texture":"#0","tintindex":0},"north":{"uv":[2.285715,2.5714276,2.4126976,2.6666675],"rotation":0,"texture":"#0","tintindex":0},"west":{"uv":[2.285715,2.5714276,2.4126976,2.6666675],"rotation":0,"texture":"#0","tintindex":0},"up":{"uv":[2.285715,2.5714276,2.4126976,2.6666675],"rotation":0,"texture":"#0","tintindex":0},"down":{"uv":[2.285715,2.5714276,2.4126976,2.6666675],"rotation":0,"texture":"#0","tintindex":0}}},{"from":[7.551703,7.0110855,7.3499064],"to":[8.543806,7.8746514,8.472627],"rotation":{"angle":0.0,"axis":"y","origin":[6.3806057,12.592183,7.8512664]},"faces":{"east":{"uv":[12.88889,1.4285725,13.015873,1.52381],"rotation":0,"texture":"#0","tintindex":0},"south":{"uv":[12.88889,1.4285725,13.015873,1.52381],"rotation":0,"texture":"#0","tintindex":0},"north":{"uv":[12.88889,1.4285725,13.015873,1.52381],"rotation":0,"texture":"#0","tintindex":0},"west":{"uv":[12.88889,1.4285725,13.015873,1.52381],"rotation":0,"texture":"#0","tintindex":0},"up":{"uv":[12.88889,1.4285725,13.015873,1.52381],"rotation":0,"texture":"#0","tintindex":0},"down":{"uv":[12.88889,1.4285725,13.015873,1.52381],"rotation":0,"texture":"#0","tintindex":0}}},{"from":[7.50568,4.790891,7.331209],"to":[8.523645,5.9232683,8.428352],"rotation":{"angle":0.0,"axis":"y","origin":[6.0,12.0,7.714284]},"faces":{"east":{"uv":[14.6875,7.3010926,14.21875,7.90625],"rotation":270,"texture":"#0","tintindex":0},"south":{"uv":[14.6875,7.3010926,14.21875,7.90625],"rotation":270,"texture":"#0","tintindex":0},"north":{"uv":[14.6875,7.3010926,14.21875,7.90625],"rotation":270,"texture":"#0","tintindex":0},"west":{"uv":[14.6875,7.3010926,14.21875,7.90625],"rotation":270,"texture":"#0","tintindex":0},"up":{"uv":[14.6875,7.3010926,14.21875,7.90625],"rotation":270,"texture":"#0","tintindex":0},"down":{"uv":[14.6875,7.3010926,14.21875,7.90625],"rotation":270,"texture":"#0","tintindex":0}}}],"display":{"head":{"translation":[0.0,-6.4,0.0],"scale":[4.0,4.0,4.0]}}}