{"textures":{"0":"modelengine:entity/dragnute"},"elements":[{"from":[8.026386,9.314135,8.935359],"to":[8.428775,11.4665,9.380616],"rotation":{"angle":22.5,"axis":"z","origin":[8.862877,8.571997,8.567862]},"faces":{"east":{"uv":[15.650792,4.0,14.0,0.126985],"rotation":0,"texture":"#0","tintindex":0},"south":{"uv":[15.650792,4.0,14.0,0.126985],"rotation":0,"texture":"#0","tintindex":0},"north":{"uv":[15.650792,4.0,14.0,0.126985],"rotation":0,"texture":"#0","tintindex":0},"west":{"uv":[15.650792,4.0,14.0,0.126985],"rotation":0,"texture":"#0","tintindex":0},"up":{"uv":[15.650792,4.0,14.0,0.126985],"rotation":0,"texture":"#0","tintindex":0},"down":{"uv":[15.650792,4.0,14.0,0.126985],"rotation":0,"texture":"#0","tintindex":0}}},{"from":[8.103003,8.353495,8.345233],"to":[8.505391,9.969106,9.157988],"rotation":{"angle":22.5,"axis":"z","origin":[8.862877,8.571997,8.567862]},"faces":{"east":{"uv":[15.650792,4.0,14.0,0.126985],"rotation":0,"texture":"#0","tintindex":0},"south":{"uv":[15.650792,4.0,14.0,0.126985],"rotation":0,"texture":"#0","tintindex":0},"north":{"uv":[15.650792,4.0,14.0,0.126985],"rotation":0,"texture":"#0","tintindex":0},"west":{"uv":[15.650792,4.0,14.0,0.126985],"rotation":0,"texture":"#0","tintindex":0},"up":{"uv":[15.650792,4.0,14.0,0.126985],"rotation":0,"texture":"#0","tintindex":0},"down":{"uv":[15.650792,4.0,14.0,0.126985],"rotation":0,"texture":"#0","tintindex":0}}},{"from":[7.0111513,10.813231,8.935359],"to":[7.41354,13.719883,9.380616],"rotation":{"angle":0.0,"axis":"y","origin":[8.862877,8.571997,8.567862]},"faces":{"east":{"uv":[15.650792,4.0,14.0,0.126985],"rotation":0,"texture":"#0","tintindex":0},"south":{"uv":[15.650792,4.0,14.0,0.126985],"rotation":0,"texture":"#0","tintindex":0},"north":{"uv":[15.650792,4.0,14.0,0.126985],"rotation":0,"texture":"#0","tintindex":0},"west":{"uv":[15.650792,4.0,14.0,0.126985],"rotation":0,"texture":"#0","tintindex":0},"up":{"uv":[15.650792,4.0,14.0,0.126985],"rotation":0,"texture":"#0","tintindex":0},"down":{"uv":[15.650792,4.0,14.0,0.126985],"rotation":0,"texture":"#0","tintindex":0}}},{"from":[5.2115855,12.398718,8.935359],"to":[5.664157,13.222935,9.380616],"rotation":{"angle":-22.5,"axis":"z","origin":[8.862877,8.571997,8.567862]},"faces":{"east":{"uv":[15.650792,4.0,14.0,0.126985],"rotation":0,"texture":"#0","tintindex":0},"south":{"uv":[15.650792,4.0,14.0,0.126985],"rotation":0,"texture":"#0","tintindex":0},"north":{"uv":[15.650792,4.0,14.0,0.126985],"rotation":0,"texture":"#0","tintindex":0},"west":{"uv":[15.650792,4.0,14.0,0.126985],"rotation":0,"texture":"#0","tintindex":0},"up":{"uv":[15.650792,4.0,14.0,0.126985],"rotation":0,"texture":"#0","tintindex":0},"down":{"uv":[15.650792,4.0,14.0,0.126985],"rotation":0,"texture":"#0","tintindex":0}}},{"from":[7.591483,13.93898,9.029645],"to":[7.9938717,14.545517,9.28633],"rotation":{"angle":-45.0,"axis":"z","origin":[7.8121,14.48506,9.157988]},"faces":{"east":{"uv":[3.3333325,8.63492,3.20635,8.539682],"rotation":0,"texture":"#0","tintindex":0},"south":{"uv":[3.3333325,8.63492,3.20635,8.539682],"rotation":0,"texture":"#0","tintindex":0},"north":{"uv":[3.3333325,8.63492,3.20635,8.539682],"rotation":0,"texture":"#0","tintindex":0},"west":{"uv":[3.3333325,8.63492,3.20635,8.539682],"rotation":0,"texture":"#0","tintindex":0},"up":{"uv":[3.3333325,8.63492,3.20635,8.539682],"rotation":0,"texture":"#0","tintindex":0},"down":{"uv":[3.3333325,8.63492,3.20635,8.539682],"rotation":0,"texture":"#0","tintindex":0}}},{"from":[7.6988544,14.586443,9.029645],"to":[8.296203,14.699586,9.28633],"rotation":{"angle":0.0,"axis":"y","origin":[7.8121,14.48506,9.157988]},"faces":{"east":{"uv":[3.20635,8.539682,3.3333325,8.63492],"rotation":270,"texture":"#0","tintindex":0},"south":{"uv":[3.20635,8.539682,3.3333325,8.63492],"rotation":270,"texture":"#0","tintindex":0},"north":{"uv":[3.20635,8.539682,3.3333325,8.63492],"rotation":270,"texture":"#0","tintindex":0},"west":{"uv":[3.20635,8.539682,3.3333325,8.63492],"rotation":270,"texture":"#0","tintindex":0},"up":{"uv":[3.20635,8.539682,3.3333325,8.63492],"rotation":270,"texture":"#0","tintindex":0},"down":{"uv":[3.20635,8.539682,3.3333325,8.63492],"rotation":270,"texture":"#0","tintindex":0}}},{"from":[7.5381346,14.356077,9.029645],"to":[8.341449,14.497997,9.28633],"rotation":{"angle":22.5,"axis":"z","origin":[7.8121,14.48506,9.157988]},"faces":{"east":{"uv":[3.20635,8.539682,3.3333325,8.63492],"rotation":270,"texture":"#0","tintindex":0},"south":{"uv":[3.20635,8.539682,3.3333325,8.63492],"rotation":270,"texture":"#0","tintindex":0},"north":{"uv":[3.20635,8.539682,3.3333325,8.63492],"rotation":270,"texture":"#0","tintindex":0},"west":{"uv":[3.20635,8.539682,3.3333325,8.63492],"rotation":270,"texture":"#0","tintindex":0},"up":{"uv":[3.20635,8.539682,3.3333325,8.63492],"rotation":270,"texture":"#0","tintindex":0},"down":{"uv":[3.20635,8.539682,3.3333325,8.63492],"rotation":270,"texture":"#0","tintindex":0}}},{"from":[7.6988544,14.492157,9.029645],"to":[8.107632,14.6053,9.28633],"rotation":{"angle":0.0,"axis":"y","origin":[7.8121,14.48506,9.157988]},"faces":{"east":{"uv":[3.20635,8.539682,3.3333325,8.63492],"rotation":270,"texture":"#0","tintindex":0},"south":{"uv":[3.20635,8.539682,3.3333325,8.63492],"rotation":270,"texture":"#0","tintindex":0},"north":{"uv":[3.20635,8.539682,3.3333325,8.63492],"rotation":270,"texture":"#0","tintindex":0},"west":{"uv":[3.20635,8.539682,3.3333325,8.63492],"rotation":270,"texture":"#0","tintindex":0},"up":{"uv":[3.20635,8.539682,3.3333325,8.63492],"rotation":270,"texture":"#0","tintindex":0},"down":{"uv":[3.20635,8.539682,3.3333325,8.63492],"rotation":270,"texture":"#0","tintindex":0}}},{"from":[8.225494,8.192111,7.9777474],"to":[8.627883,9.628809,8.912993],"rotation":{"angle":22.5,"axis":"z","origin":[8.862877,8.571997,8.567862]},"faces":{"east":{"uv":[15.650792,4.0,14.0,0.126985],"rotation":0,"texture":"#0","tintindex":0},"south":{"uv":[15.650792,4.0,14.0,0.126985],"rotation":0,"texture":"#0","tintindex":0},"north":{"uv":[15.650792,4.0,14.0,0.126985],"rotation":0,"texture":"#0","tintindex":0},"west":{"uv":[15.650792,4.0,14.0,0.126985],"rotation":0,"texture":"#0","tintindex":0},"up":{"uv":[15.650792,4.0,14.0,0.126985],"rotation":0,"texture":"#0","tintindex":0},"down":{"uv":[15.650792,4.0,14.0,0.126985],"rotation":0,"texture":"#0","tintindex":0}}},{"from":[8.347998,7.9471173,7.242776],"to":[8.750386,8.771335,8.667999],"rotation":{"angle":22.5,"axis":"z","origin":[8.862877,8.571997,8.567862]},"faces":{"east":{"uv":[15.650792,4.0,14.0,0.126985],"rotation":0,"texture":"#0","tintindex":0},"south":{"uv":[15.650792,4.0,14.0,0.126985],"rotation":0,"texture":"#0","tintindex":0},"north":{"uv":[15.650792,4.0,14.0,0.126985],"rotation":0,"texture":"#0","tintindex":0},"west":{"uv":[15.650792,4.0,14.0,0.126985],"rotation":0,"texture":"#0","tintindex":0},"up":{"uv":[15.650792,4.0,14.0,0.126985],"rotation":0,"texture":"#0","tintindex":0},"down":{"uv":[15.650792,4.0,14.0,0.126985],"rotation":0,"texture":"#0","tintindex":0}}}],"display":{"head":{"translation":[0.0,-6.4,0.0],"scale":[4.0,4.0,4.0]}}}