{"textures":{"0":"modelengine:entity/dragnute"},"elements":[{"from":[4.467483,6.661026,7.7924895],"to":[4.7545347,8.522546,8.237746],"rotation":{"angle":-45.0,"axis":"z","origin":[9.518158,6.067666,7.424992]},"faces":{"east":{"uv":[15.650792,4.0,14.0,0.126985],"rotation":0,"texture":"#0","tintindex":0},"south":{"uv":[15.650792,4.0,14.0,0.126985],"rotation":0,"texture":"#0","tintindex":0},"north":{"uv":[15.650792,4.0,14.0,0.126985],"rotation":0,"texture":"#0","tintindex":0},"west":{"uv":[15.650792,4.0,14.0,0.126985],"rotation":0,"texture":"#0","tintindex":0},"up":{"uv":[15.650792,4.0,14.0,0.126985],"rotation":0,"texture":"#0","tintindex":0},"down":{"uv":[15.650792,4.0,14.0,0.126985],"rotation":0,"texture":"#0","tintindex":0}}},{"from":[5.079015,5.4226832,7.7924895],"to":[5.389723,8.548672,8.237746],"rotation":{"angle":-22.5,"axis":"z","origin":[9.518158,6.067666,7.424992]},"faces":{"east":{"uv":[15.650792,4.0,14.0,0.126985],"rotation":0,"texture":"#0","tintindex":0},"south":{"uv":[15.650792,4.0,14.0,0.126985],"rotation":0,"texture":"#0","tintindex":0},"north":{"uv":[15.650792,4.0,14.0,0.126985],"rotation":0,"texture":"#0","tintindex":0},"west":{"uv":[15.650792,4.0,14.0,0.126985],"rotation":0,"texture":"#0","tintindex":0},"up":{"uv":[15.650792,4.0,14.0,0.126985],"rotation":0,"texture":"#0","tintindex":0},"down":{"uv":[15.650792,4.0,14.0,0.126985],"rotation":0,"texture":"#0","tintindex":0}}},{"from":[4.9761343,4.368706,7.7924895],"to":[5.286832,6.4704547,8.237746],"rotation":{"angle":22.5,"axis":"z","origin":[9.518158,6.067666,7.424992]},"faces":{"east":{"uv":[15.650792,4.0,14.0,0.126985],"rotation":0,"texture":"#0","tintindex":0},"south":{"uv":[15.650792,4.0,14.0,0.126985],"rotation":0,"texture":"#0","tintindex":0},"north":{"uv":[15.650792,4.0,14.0,0.126985],"rotation":0,"texture":"#0","tintindex":0},"west":{"uv":[15.650792,4.0,14.0,0.126985],"rotation":0,"texture":"#0","tintindex":0},"up":{"uv":[15.650792,4.0,14.0,0.126985],"rotation":0,"texture":"#0","tintindex":0},"down":{"uv":[15.650792,4.0,14.0,0.126985],"rotation":0,"texture":"#0","tintindex":0}}},{"from":[5.1677346,4.7016315,7.7924895],"to":[5.5040317,7.164832,8.237746],"rotation":{"angle":0.0,"axis":"y","origin":[9.518158,6.067666,7.424992]},"faces":{"east":{"uv":[15.650792,4.0,14.0,0.126985],"rotation":0,"texture":"#0","tintindex":0},"south":{"uv":[15.650792,4.0,14.0,0.126985],"rotation":0,"texture":"#0","tintindex":0},"north":{"uv":[15.650792,4.0,14.0,0.126985],"rotation":0,"texture":"#0","tintindex":0},"west":{"uv":[15.650792,4.0,14.0,0.126985],"rotation":0,"texture":"#0","tintindex":0},"up":{"uv":[15.650792,4.0,14.0,0.126985],"rotation":0,"texture":"#0","tintindex":0},"down":{"uv":[15.650792,4.0,14.0,0.126985],"rotation":0,"texture":"#0","tintindex":0}}}],"display":{"head":{"translation":[0.0,-6.4,0.0],"scale":[4.0,4.0,4.0]}}}