{"textures":{"0":"modelengine:entity/dragnute"},"elements":[{"from":[6.6910477,5.217979,7.7924895],"to":[6.9920306,6.5060363,8.237746],"rotation":{"angle":22.5,"axis":"z","origin":[9.461037,6.1819677,7.424992]},"faces":{"east":{"uv":[15.650792,4.0,14.0,0.126985],"rotation":0,"texture":"#0","tintindex":0},"south":{"uv":[15.650792,4.0,14.0,0.126985],"rotation":0,"texture":"#0","tintindex":0},"north":{"uv":[15.650792,4.0,14.0,0.126985],"rotation":0,"texture":"#0","tintindex":0},"west":{"uv":[15.650792,4.0,14.0,0.126985],"rotation":0,"texture":"#0","tintindex":0},"up":{"uv":[15.650792,4.0,14.0,0.126985],"rotation":0,"texture":"#0","tintindex":0},"down":{"uv":[15.650792,4.0,14.0,0.126985],"rotation":0,"texture":"#0","tintindex":0}}},{"from":[6.777882,5.421339,7.7924895],"to":[7.1036763,7.2060704,8.237746],"rotation":{"angle":0.0,"axis":"y","origin":[9.461037,6.1819677,7.424992]},"faces":{"east":{"uv":[15.650792,4.0,14.0,0.126985],"rotation":0,"texture":"#0","tintindex":0},"south":{"uv":[15.650792,4.0,14.0,0.126985],"rotation":0,"texture":"#0","tintindex":0},"north":{"uv":[15.650792,4.0,14.0,0.126985],"rotation":0,"texture":"#0","tintindex":0},"west":{"uv":[15.650792,4.0,14.0,0.126985],"rotation":0,"texture":"#0","tintindex":0},"up":{"uv":[15.650792,4.0,14.0,0.126985],"rotation":0,"texture":"#0","tintindex":0},"down":{"uv":[15.650792,4.0,14.0,0.126985],"rotation":0,"texture":"#0","tintindex":0}}},{"from":[6.590214,6.101316,7.7924895],"to":[6.942842,8.379087,8.237746],"rotation":{"angle":-22.5,"axis":"z","origin":[9.461037,6.1819677,7.424992]},"faces":{"east":{"uv":[15.650792,4.0,14.0,0.126985],"rotation":0,"texture":"#0","tintindex":0},"south":{"uv":[15.650792,4.0,14.0,0.126985],"rotation":0,"texture":"#0","tintindex":0},"north":{"uv":[15.650792,4.0,14.0,0.126985],"rotation":0,"texture":"#0","tintindex":0},"west":{"uv":[15.650792,4.0,14.0,0.126985],"rotation":0,"texture":"#0","tintindex":0},"up":{"uv":[15.650792,4.0,14.0,0.126985],"rotation":0,"texture":"#0","tintindex":0},"down":{"uv":[15.650792,4.0,14.0,0.126985],"rotation":0,"texture":"#0","tintindex":0}}}],"display":{"head":{"translation":[0.0,-6.4,0.0],"scale":[4.0,4.0,4.0]}}}