{"textures":{"0":"modelengine:entity/dragnute"},"elements":[{"from":[3.692719,1.020072,7.7924895],"to":[4.023073,6.572438,8.237746],"rotation":{"angle":0.0,"axis":"y","origin":[9.505051,6.185089,7.424992]},"faces":{"east":{"uv":[15.650792,4.0,14.0,0.126985],"rotation":0,"texture":"#0","tintindex":0},"south":{"uv":[15.650792,4.0,14.0,0.126985],"rotation":0,"texture":"#0","tintindex":0},"north":{"uv":[15.650792,4.0,14.0,0.126985],"rotation":0,"texture":"#0","tintindex":0},"west":{"uv":[15.650792,4.0,14.0,0.126985],"rotation":0,"texture":"#0","tintindex":0},"up":{"uv":[15.650792,4.0,14.0,0.126985],"rotation":0,"texture":"#0","tintindex":0},"down":{"uv":[15.650792,4.0,14.0,0.126985],"rotation":0,"texture":"#0","tintindex":0}}},{"from":[3.9869251,4.3186665,7.7924895],"to":[4.3561134,7.9076266,8.237746],"rotation":{"angle":-22.5,"axis":"z","origin":[9.505051,6.185089,7.424992]},"faces":{"east":{"uv":[15.650792,4.0,14.0,0.126985],"rotation":0,"texture":"#0","tintindex":0},"south":{"uv":[15.650792,4.0,14.0,0.126985],"rotation":0,"texture":"#0","tintindex":0},"north":{"uv":[15.650792,4.0,14.0,0.126985],"rotation":0,"texture":"#0","tintindex":0},"west":{"uv":[15.650792,4.0,14.0,0.126985],"rotation":0,"texture":"#0","tintindex":0},"up":{"uv":[15.650792,4.0,14.0,0.126985],"rotation":0,"texture":"#0","tintindex":0},"down":{"uv":[15.650792,4.0,14.0,0.126985],"rotation":0,"texture":"#0","tintindex":0}}},{"from":[3.7477818,5.6648035,7.7924895],"to":[4.150159,7.572038,8.237746],"rotation":{"angle":-45.0,"axis":"z","origin":[9.505051,6.185089,7.424992]},"faces":{"east":{"uv":[15.650792,4.0,14.0,0.126985],"rotation":0,"texture":"#0","tintindex":0},"south":{"uv":[15.650792,4.0,14.0,0.126985],"rotation":0,"texture":"#0","tintindex":0},"north":{"uv":[15.650792,4.0,14.0,0.126985],"rotation":0,"texture":"#0","tintindex":0},"west":{"uv":[15.650792,4.0,14.0,0.126985],"rotation":0,"texture":"#0","tintindex":0},"up":{"uv":[15.650792,4.0,14.0,0.126985],"rotation":0,"texture":"#0","tintindex":0},"down":{"uv":[15.650792,4.0,14.0,0.126985],"rotation":0,"texture":"#0","tintindex":0}}},{"from":[8.583222,11.631158,7.7924895],"to":[10.222605,12.0348835,8.237746],"rotation":{"angle":22.5,"axis":"z","origin":[9.505051,6.185089,7.424992]},"faces":{"east":{"uv":[14.0,0.126985,15.650792,4.0],"rotation":270,"texture":"#0","tintindex":0},"south":{"uv":[14.0,0.126985,15.650792,4.0],"rotation":270,"texture":"#0","tintindex":0},"north":{"uv":[14.0,0.126985,15.650792,4.0],"rotation":270,"texture":"#0","tintindex":0},"west":{"uv":[14.0,0.126985,15.650792,4.0],"rotation":270,"texture":"#0","tintindex":0},"up":{"uv":[14.0,0.126985,15.650792,4.0],"rotation":270,"texture":"#0","tintindex":0},"down":{"uv":[14.0,0.126985,15.650792,4.0],"rotation":270,"texture":"#0","tintindex":0}}},{"from":[3.8781672,0.050714493,7.7924895],"to":[4.2302475,1.1284513,8.237746],"rotation":{"angle":22.5,"axis":"z","origin":[4.054208,0.5895829,8.015118]},"faces":{"east":{"uv":[15.650792,4.0,14.0,2.9841275],"rotation":0,"texture":"#0","tintindex":0},"south":{"uv":[15.650792,4.0,14.0,2.9841275],"rotation":0,"texture":"#0","tintindex":0},"north":{"uv":[15.650792,4.0,14.0,2.9841275],"rotation":0,"texture":"#0","tintindex":0},"west":{"uv":[15.650792,4.0,14.0,2.9841275],"rotation":0,"texture":"#0","tintindex":0},"up":{"uv":[15.650792,4.0,14.0,2.9841275],"rotation":0,"texture":"#0","tintindex":0},"down":{"uv":[15.650792,4.0,14.0,2.9841275],"rotation":0,"texture":"#0","tintindex":0}}}],"display":{"head":{"translation":[0.0,-6.4,0.0],"scale":[4.0,4.0,4.0]}}}