{"textures":{"0":"modelengine:entity/stiched_texture"},"elements":[{"from":[5.714286,1.1428566,6.857143],"to":[10.285714,8.0,9.142858],"rotation":{"angle":0.0,"axis":"y","origin":[8.0,-5.714287,8.0]},"faces":{"east":{"uv":[4.121212,4.048193,5.090909,6.361446],"rotation":0,"texture":"#0","tintindex":0},"south":{"uv":[8.0,4.048193,9.939394,6.361446],"rotation":0,"texture":"#0","tintindex":0},"north":{"uv":[5.090909,4.048193,7.030303,6.361446],"rotation":0,"texture":"#0","tintindex":0},"west":{"uv":[7.030303,4.048193,8.0,6.361446],"rotation":0,"texture":"#0","tintindex":0},"up":{"uv":[7.030303,4.048193,5.090909,3.2771084],"rotation":0,"texture":"#0","tintindex":0},"down":{"uv":[8.969697,3.2771084,7.030303,4.048193],"rotation":0,"texture":"#0","tintindex":0}}},{"from":[5.5714283,0.9999995,6.714286],"to":[10.428572,8.142858,9.285714],"rotation":{"angle":0.0,"axis":"y","origin":[8.0,-5.714287,8.0]},"faces":{"east":{"uv":[4.121212,7.13253,5.090909,9.445783],"rotation":0,"texture":"#0","tintindex":0},"south":{"uv":[8.0,7.13253,9.939394,9.445783],"rotation":0,"texture":"#0","tintindex":0},"north":{"uv":[5.090909,7.13253,7.030303,9.445783],"rotation":0,"texture":"#0","tintindex":0},"west":{"uv":[7.030303,7.13253,8.0,9.445783],"rotation":0,"texture":"#0","tintindex":0},"up":{"uv":[7.030303,7.13253,5.090909,6.361446],"rotation":0,"texture":"#0","tintindex":0},"down":{"uv":[8.969697,6.361446,7.030303,7.13253],"rotation":0,"texture":"#0","tintindex":0}}}],"display":{"head":{"translation":[0.0,-6.4,0.0],"scale":[4.0,4.0,4.0]}}}