{"textures":{"0":"modelengine:entity/stiched_texture"},"elements":[{"from":[5.714286,8.0,5.714286],"to":[10.285714,12.571428,10.285714],"rotation":{"angle":0.0,"axis":"y","origin":[8.0,-5.714287,8.0]},"faces":{"east":{"uv":[0.24242425,1.7349398,2.1818182,3.2771084],"rotation":0,"texture":"#0","tintindex":0},"south":{"uv":[6.060606,1.7349398,8.0,3.2771084],"rotation":0,"texture":"#0","tintindex":0},"north":{"uv":[2.1818182,1.7349398,4.121212,3.2771084],"rotation":0,"texture":"#0","tintindex":0},"west":{"uv":[4.121212,1.7349398,6.060606,3.2771084],"rotation":0,"texture":"#0","tintindex":0},"up":{"uv":[4.121212,1.7349398,2.1818182,0.19277108],"rotation":0,"texture":"#0","tintindex":0},"down":{"uv":[6.060606,0.19277108,4.121212,1.7349398],"rotation":0,"texture":"#0","tintindex":0}}},{"from":[5.428571,7.714286,5.428571],"to":[10.571428,12.857143,10.571428],"rotation":{"angle":0.0,"axis":"y","origin":[8.0,-5.714287,8.0]},"faces":{"east":{"uv":[8.0,1.7349398,9.939394,3.2771084],"rotation":0,"texture":"#0","tintindex":0},"south":{"uv":[13.818182,1.7349398,15.757576,3.2771084],"rotation":0,"texture":"#0","tintindex":0},"north":{"uv":[9.939394,1.7349398,11.878788,3.2771084],"rotation":0,"texture":"#0","tintindex":0},"west":{"uv":[11.878788,1.7349398,13.818182,3.2771084],"rotation":0,"texture":"#0","tintindex":0},"up":{"uv":[11.878788,1.7349398,9.939394,0.19277108],"rotation":0,"texture":"#0","tintindex":0},"down":{"uv":[13.818182,0.19277108,11.878788,1.7349398],"rotation":0,"texture":"#0","tintindex":0}}}],"display":{"head":{"translation":[0.0,-6.4,0.0],"scale":[4.0,4.0,4.0]}}}