{"textures":{"0":"modelengine:entity/stiched_texture"},"elements":[{"from":[5.771428,1.1428566,6.857143],"to":[8.057143,8.0,9.142858],"rotation":{"angle":0.0,"axis":"y","origin":[8.0,1.1428566,8.0]},"faces":{"east":{"uv":[4.121212,10.216867,5.090909,12.530121],"rotation":0,"texture":"#0","tintindex":0},"south":{"uv":[7.030303,10.216867,8.0,12.530121],"rotation":0,"texture":"#0","tintindex":0},"north":{"uv":[5.090909,10.216867,6.060606,12.530121],"rotation":0,"texture":"#0","tintindex":0},"west":{"uv":[6.060606,10.216867,7.030303,12.530121],"rotation":0,"texture":"#0","tintindex":0},"up":{"uv":[6.060606,10.216867,5.090909,9.445783],"rotation":0,"texture":"#0","tintindex":0},"down":{"uv":[7.030303,9.445783,6.060606,10.216867],"rotation":0,"texture":"#0","tintindex":0}}},{"from":[5.6285715,0.9999995,6.714286],"to":[8.2,8.142858,9.285714],"rotation":{"angle":0.0,"axis":"y","origin":[8.0,1.1428566,8.0]},"faces":{"east":{"uv":[0.24242425,10.216867,1.2121212,12.530121],"rotation":0,"texture":"#0","tintindex":0},"south":{"uv":[3.1515152,10.216867,4.121212,12.530121],"rotation":0,"texture":"#0","tintindex":0},"north":{"uv":[1.2121212,10.216867,2.1818182,12.530121],"rotation":0,"texture":"#0","tintindex":0},"west":{"uv":[2.1818182,10.216867,3.1515152,12.530121],"rotation":0,"texture":"#0","tintindex":0},"up":{"uv":[2.1818182,10.216867,1.2121212,9.445783],"rotation":0,"texture":"#0","tintindex":0},"down":{"uv":[3.1515152,9.445783,2.1818182,10.216867],"rotation":0,"texture":"#0","tintindex":0}}}],"display":{"head":{"translation":[0.0,-6.4,0.0],"scale":[4.0,4.0,4.0]}}}