{"textures":{"0":"modelengine:entity/stiched_texture"},"elements":[{"from":[7.142857,1.1428566,6.857143],"to":[8.857143,8.0,9.142858],"rotation":{"angle":0.0,"axis":"y","origin":[11.142858,-5.714287,8.0]},"faces":{"east":{"uv":[8.0,10.216867,8.969697,12.530121],"rotation":0,"texture":"#0","tintindex":0},"south":{"uv":[10.666667,10.216867,11.393939,12.530121],"rotation":0,"texture":"#0","tintindex":0},"north":{"uv":[8.969697,10.216867,9.69697,12.530121],"rotation":0,"texture":"#0","tintindex":0},"west":{"uv":[9.69697,10.216867,10.666667,12.530121],"rotation":0,"texture":"#0","tintindex":0},"up":{"uv":[9.69697,10.216867,8.969697,9.445783],"rotation":0,"texture":"#0","tintindex":0},"down":{"uv":[10.424242,9.445783,9.69697,10.216867],"rotation":0,"texture":"#0","tintindex":0}}},{"from":[7.0,0.9999995,6.714286],"to":[9.0,8.142858,9.285714],"rotation":{"angle":0.0,"axis":"y","origin":[11.142858,-5.714287,8.0]},"faces":{"east":{"uv":[11.878788,10.216867,12.848485,12.530121],"rotation":0,"texture":"#0","tintindex":0},"south":{"uv":[14.545455,10.216867,15.272727,12.530121],"rotation":0,"texture":"#0","tintindex":0},"north":{"uv":[12.848485,10.216867,13.575758,12.530121],"rotation":0,"texture":"#0","tintindex":0},"west":{"uv":[13.575758,10.216867,14.545455,12.530121],"rotation":0,"texture":"#0","tintindex":0},"up":{"uv":[13.575758,10.216867,12.848485,9.445783],"rotation":0,"texture":"#0","tintindex":0},"down":{"uv":[14.30303,9.445783,13.575758,10.216867],"rotation":0,"texture":"#0","tintindex":0}}}],"display":{"head":{"translation":[0.0,-6.4,0.0],"scale":[4.0,4.0,4.0]}}}