{"textures":{"0":"modelengine:entity/stiched_texture"},"elements":[{"from":[7.9428573,1.1428566,6.857143],"to":[10.228572,8.0,9.142858],"rotation":{"angle":0.0,"axis":"y","origin":[8.0,1.1428566,8.0]},"faces":{"east":{"uv":[0.24242425,4.048193,1.2121212,6.361446],"rotation":0,"texture":"#0","tintindex":0},"south":{"uv":[3.1515152,4.048193,4.121212,6.361446],"rotation":0,"texture":"#0","tintindex":0},"north":{"uv":[1.2121212,4.048193,2.1818182,6.361446],"rotation":0,"texture":"#0","tintindex":0},"west":{"uv":[2.1818182,4.048193,3.1515152,6.361446],"rotation":0,"texture":"#0","tintindex":0},"up":{"uv":[2.1818182,4.048193,1.2121212,3.2771084],"rotation":0,"texture":"#0","tintindex":0},"down":{"uv":[3.1515152,3.2771084,2.1818182,4.048193],"rotation":0,"texture":"#0","tintindex":0}}},{"from":[7.8,0.9999995,6.714286],"to":[10.3714285,8.142858,9.285714],"rotation":{"angle":0.0,"axis":"y","origin":[8.0,1.1428566,8.0]},"faces":{"east":{"uv":[0.24242425,7.13253,1.2121212,9.445783],"rotation":0,"texture":"#0","tintindex":0},"south":{"uv":[3.1515152,7.13253,4.121212,9.445783],"rotation":0,"texture":"#0","tintindex":0},"north":{"uv":[1.2121212,7.13253,2.1818182,9.445783],"rotation":0,"texture":"#0","tintindex":0},"west":{"uv":[2.1818182,7.13253,3.1515152,9.445783],"rotation":0,"texture":"#0","tintindex":0},"up":{"uv":[2.1818182,7.13253,1.2121212,6.361446],"rotation":0,"texture":"#0","tintindex":0},"down":{"uv":[3.1515152,6.361446,2.1818182,7.13253],"rotation":0,"texture":"#0","tintindex":0}}}],"display":{"head":{"translation":[0.0,-6.4,0.0],"scale":[4.0,4.0,4.0]}}}