{"textures":{"0":"modelengine:entity/stiched_texture"},"elements":[{"from":[7.142857,1.1428566,6.857143],"to":[8.857143,8.0,9.142858],"rotation":{"angle":0.0,"axis":"y","origin":[4.8571424,-5.714287,8.0]},"faces":{"east":{"uv":[9.939394,4.048193,10.909091,6.361446],"rotation":0,"texture":"#0","tintindex":0},"south":{"uv":[12.606061,4.048193,13.333333,6.361446],"rotation":0,"texture":"#0","tintindex":0},"north":{"uv":[10.909091,4.048193,11.636364,6.361446],"rotation":0,"texture":"#0","tintindex":0},"west":{"uv":[11.636364,4.048193,12.606061,6.361446],"rotation":0,"texture":"#0","tintindex":0},"up":{"uv":[11.636364,4.048193,10.909091,3.2771084],"rotation":0,"texture":"#0","tintindex":0},"down":{"uv":[12.363636,3.2771084,11.636364,4.048193],"rotation":0,"texture":"#0","tintindex":0}}},{"from":[7.0,0.9999995,6.714286],"to":[9.0,8.142858,9.285714],"rotation":{"angle":0.0,"axis":"y","origin":[4.8571424,-5.714287,8.0]},"faces":{"east":{"uv":[9.939394,7.13253,10.909091,9.445783],"rotation":0,"texture":"#0","tintindex":0},"south":{"uv":[12.606061,7.13253,13.333333,9.445783],"rotation":0,"texture":"#0","tintindex":0},"north":{"uv":[10.909091,7.13253,11.636364,9.445783],"rotation":0,"texture":"#0","tintindex":0},"west":{"uv":[11.636364,7.13253,12.606061,9.445783],"rotation":0,"texture":"#0","tintindex":0},"up":{"uv":[11.636364,7.13253,10.909091,6.361446],"rotation":0,"texture":"#0","tintindex":0},"down":{"uv":[12.363636,6.361446,11.636364,7.13253],"rotation":0,"texture":"#0","tintindex":0}}}],"display":{"head":{"translation":[0.0,-6.4,0.0],"scale":[4.0,4.0,4.0]}}}